"Id","Severity","Verdict","TestPath","TestFunc","GapNote","Title"
"S02-1","high","direct","internal/zzprobe/audit6/z02protocoltoken/idtoken_test.go","TestZ02MaxAgeAndPromptLoginAreIgnored","","prompt=login / max_age never re-authenticate: the OP fabricates a fresh auth_time instead"
"S03-1","high","direct","internal/auth/zz_audit9_returnto_test.go","TestAudit9ReturnToLengthIsUnboundedInTheSession","","Unbounded caller-controlled return_to persisted in the server-side session"
"S06-1","high","direct","idp/zz_audit9_discovery_body_test.go","TestAudit9DiscoveryBodyHasNoSizeCap","No test serves an oversized or gzip-deflated discovery document or JWKS, and no test asserts any size bound on the go-oidc fetches (grep for LimitReader/1<<20 in idp and its probes finds nothing on this path; the only idp size cap, getText, is exercised by TestQQFetchHandlesJSONP but is the unrelated QQ/userinfo path). Cited path (idp.go:298/711/836) is only exercised with small, well-formed documents. Harness needed: a fake OP whose /.well-known/openid-configuration and jwks_uri return an endless body (optionally gzip) or a byte-counting reader, driven through Client.AuthCodeURL / Client.Identity with an injected http.Client, asserting the bytes read stay <= 1 MiB (i.e. a wrapping RoundTripper or bounded fetch exists).","OIDC discovery and JWKS fetches read an unbounded upstream body (go-oidc io.ReadAll) while the adapter's own 1 MiB cap does not apply"
"S08-2","high","direct","cmd/re0auth/zz_audit9_dsnenv_test.go","TestAudit9DSNEnvIsIgnoredWhenDriverIsInferred","Residual (still unasserted): the declared-but-unset dsn_env variable is not driven to a config-stage error, and the explicit driver=""postgres"" + file dsn_env with a stale DATABASE_URL in the environment (which value wins) is not pinned. Harness needed for those: loadConfig with dsn_env naming an unset variable -> assert startup error; and driver=""postgres"", dsn_env=""RE0AUTH_DSN"", DATABASE_URL set to a different DSN -> assert which URL is used.","storage.dsn_env is never resolved when driver is inferred in the config loading logic"
"S10-1","high","direct","internal/httpapi/zz_audit9_inflight_planes_test.go","TestAudit9OneAddressHoldsTheWholeInFlightCapAcrossPlanes","Both tests only exercise one plane per client, so they pass unchanged with the cited defect present. None sends the SAME source address to TWO namespaces (e.g. one slow slot under /oauth/token plus one under /v1/...) and then checks that a third client is still admitted. Harness needed: at Server level with maxInFlight=2, park one request from peer A on /oauth/token and one from the same peer (same RemoteAddr / client key) on /v1/me, then assert a request from peer B is admitted and that A's summed in-flight count across planes cannot exceed perClient; a version against the real Handler() chain would also prove the shared semaphore is globally exhausted by A.","In-flight per-client cap is keyed per (plane, client), so one address can occupy the entire process-wide concurrency cap"
"S13-1","high","direct","internal/httpapi/zz_audit9_compress_bypass_test.go","TestAudit9Compression406BypassesTheRateLimiter","No committed regression guard in the fix's direction: the in-tree pin is an untracked verification oracle asserting the defective behaviour, so it must be rewritten when the ordering is fixed. Needed: an untagged test that a negotiation-refused request consumes a limiter token and/or holds an in-flight slot (e.g. third *;q=0 request answers 429, or a held slot makes it answer 503).","Compression 406 refusal runs before the rate limiter and the in-flight cap, fully bypassing both"
"S13-5","high","direct","internal/store/memory/oidc_family_test.go","TestRefreshTombstonesAreSweptOnTheSpentTokensDeadline","","OIDC memory store maps are uncapped; refresh tombstones grow one per rotation for the full 30-day refresh TTL and the 5-minute sweep scans them all under the global lock"
"S14-2","high","direct","internal/federation/zz_audit9_bind_unbind_race_test.go","TestAudit9CompleteBindResurrectsAnUnboundRow","Needs a deterministic interleaving harness: a BindingStore or vault wrapper that hooks the window between CompleteBind's storeBindingSecret and its unconditional bindings.Put, lets a concurrent Unbind/CascadeRevoke/shred finish, then asserts the post-condition (no binding row, no vault secret, no live upstream token). Alternatively a test that asserts CompleteBind acquires the per-binding keyedMutex (e.g. block Put and show a concurrent Unbind waits).","federation.CompleteBind writes the vault secret and the binding row without the per-binding keyed mutex, so an in-flight bind can resurrect a just-revoked binding"
"S01-1","medium","partial","oauth/device_test.go","TestDeviceAuthorizationHappyPath","No test asserts single-use redemption of an approved device_code. Needed: a default-suite test that (a) redeems an approved device_code, then polls the same code again after the poll interval and asserts invalid_grant and that no second access/refresh pair exists in the store, and (b) N concurrent post-approval polls where exactly one succeeds. Implementing this needs the recommended ConsumeDevice/RecordRedemption store method (or a redemption nonce) so the losing poll can be told invalid_grant.","An approved device_code is redeemable repeatedly: every poll mints a fresh token pair instead of consuming the device authorization"
"S01-2","medium","direct","oauth/zz_audit9_device_store_growth_test.go","TestAudit9MemoryDeviceStoreNeverReclaimsExpiredRecords","No harness reaches the leak. Needed: a store-level test that writes N device records with past ExpiresAt values, advances/sets now, and asserts the memory still holds them (or that no SweepExpired/prune API exists), plus a service-level test showing BeginDeviceAuthorization records are never reclaimed. This also requires adding a SweepExpired/Consume-like method to MemoryDeviceStore before a positive test can be written; today the absence of any pruning API can only be pinned by a source/API guard or by reflecting on the maps.","MemoryDeviceStore never prunes pending/decided device records and exposes no sweep API, so device authorizations grow unbounded"
"S01-3","medium","direct","oauth/tokens_reuse_test.go","TestMemoryStoreSweepReclaimsExpiredTombstones","","MemoryStore.ConsumeRefresh ignores the tombstone deadline, so expired spent refresh values still trigger family revocation while the Postgres store correctly reports them unknown"
"S01-6","medium","partial","upstreamkit/cascade_test.go","TestCascadeIsAdvertisedOnlyWhenImplemented","Need a cascade test whose registry contains a ClientPublic client and which POSTs /oauth/cascade_revocation with that public client_id, a bogus client_secret and an arbitrary token, asserting the request is refused (401) before the hook. Currently it would succeed, so any such test must be written against the recommended fix (refuse cascade for public clients, or verify token ownership against the client id inside the kit).","AuthenticateClient treats public clients as always authenticated, so the cascade-revocation gate does not actually gate public clients"
"S02-2","medium","direct","internal/oidchttp/oidchttp_test.go","TestPromptNoneRequiresASession","","prompt=none with a live session redirects into the interactive consent UI instead of returning consent_required"
"S02-3","medium","partial","internal/oidchttp/device_clientauth_test.go","TestDeviceGrantPollAcceptsAdvertisedClientSecretPost","No test registers a confidential client whose secret contains '+', ' ', '%', '/' or '=' and sends the correctly percent-encoded Basic pair (rawBasicHeader(url.QueryEscape(id), url.QueryEscape(secret))) to POST /oauth/device_authorization. Harness: extend the oidchttp fixture with such a client and assert 200 + device_code (currently 401 invalid_client), while the same credentials succeed at /oauth/token. Medium.","Device authorization endpoint refuses spec-compliant Basic secrets: id is form-unescaped, secret is not"
"S02-4","medium","partial","internal/oidcstore/oidcstore_test.go","TestValidateSigner","Missing: NewSigner(good2048).WithRetired(RetiredSigningKey{ID:""old"", Public:&small1024.PublicKey}) must be rejected by ValidateSigner (it is currently accepted and the key is published by KeySet/JWKS). Harness is trivial: reuse the existing 1024-bit `small` variable at oidcstore_test.go:72 as the retired Public. Medium.","ValidateSigner enforces the 2048-bit floor on the current key only, not on retired keys published in the JWKS"
"S04-1","medium","partial","oauth/zz_probe_test.go","TestZZProbeDeviceCodeRepeatMint","Needs an assertion on the oauth.Service path: after one successful token exchange, a second PollDeviceAuthorization with the same approved device_code must return invalid_grant, and a poll issued after RevokeGrant must not mint a new access+refresh pair. A consuming DeviceStore (ConsumeDevice/claim) is the behavior the test must pin; the current zz_probe test would stay green under the fix.","Enabled device authorization is never consumed: one device_code mints unlimited token pairs and silently undoes a grant revocation"
"S05-1","medium","partial","internal/federation/refresh_test.go","TestFetchRebindsWhenRefreshRejected","No test reaches the defective status-code switch at refresh.go:178-183 with an error code that is NOT invalid_grant. The 400 case used by the existing tests is decided by re.ErrorCode, so a fix that restricts isRefreshRejected to invalid_grant would leave every existing test green. Harness needed: an httptest token endpoint that answers, for a retryable/configuration condition, 403 with a text/html (WAF/CDN) body or 400 with {""error"":""temporarily_unavailable""}; assert Fetch returns a transient error (not ErrNotBound) and that the binding row and vault secret survive. No such test exists in internal/federation or internal/zzprobe.","Refresh rejection classifies every 400/401/403 as a dead grant and crypto-shreds the binding"
"S05-2","medium","partial","internal/federation/zz_audit_race_test.go","TestZZAuditRaceProbeAllPathsAtOnce","No test drives the specific CompleteBind window (token exchange in flight while Unbind, RevokeAllBindings, or lifecycle.DeleteAccount deletes the row and shreds the secret) and then asserts the resurrected row/secret do or do not exist. The only related coverage is the generic race probe above plus refresh-path residue probes (verifyfederation/refresh_test.go) that cover the lock-protected refresh path, not CompleteBind. Harness needed: a BindingStore/Vault hook that deletes the binding row and vault secret inside the CompleteBind Exchange (or between storeBindingSecret and bindings.Put), then assert no row and no vault record remain for that subject.","CompleteBind bypasses the per-binding keyed lock, so a completing bind can resurrect a row and secret after Unbind or account erasure"
"S06-2","medium","direct","internal/zzprobe/verifyfederation/addr_test.go","TestVerifyProxyGuardJudgesTheProxyNotTheTarget","","DenyPrivateAddresses is applied to the proxy address, not the target, whenever an HTTP(S) proxy is configured in the environment"
"S06-3","medium","partial","internal/zzprobe/audit7/z18gohazardsweep/probes_test.go","TestZ18ConcurrentLoginIsBlockedByAnotherLoginsDiscovery","CORRECTED from direct to partial. It is a pure fixture probe rather than a defect pin: it t.Errorf's while the defect exists and would PASS only once the lock is released without single-flight, so it does not assert the defect and cannot satisfy 'fail once the code is fixed'. No companion test in the file (Z18-1/Z18-3/bulkhead guard) turns red when the lock is fixed. Extra wrinkle found while checking: the finding's own recommended fix is a single-flight, under which login 2 would join login 1's still-hung shared fetch, so this probe would remain red after the recommended fix as well. Harness needed: count discovery requests at the fake OP under N concurrent AuthCodeURL calls and assert exactly one shared attempt (and a bounded negative cache/temporary failure observation after the issuer fails), plus a direct assertion that discovery no longer runs while providerMu is held (e.g. issue a different, cached-provider login concurrently and bound it by wall time).","oidcProvider holds providerMu across a network discovery round trip, and a failed discovery is not cached, so a dead issuer serializes every concurrent login"
"S06-4","medium","none","","","No test floods /login/{provider}/start, and no test observes the size of SocialLogin.states or the O(n) sweepLocked cost. referencesource/social_test.go exercises start+callback once (TestSocialLoginEndToEnd, TestSocialLoginStateIsSingleUse) but never inserts more than a state or two and never asserts a bound; the zzprobe audit7/z14 kit-rp probes do not touch SocialLogin. (reference-source tests are gitignored by the /referencesource build-output rule, so this was re-searched explicitly against referencesource/*_test.go.) Harness needed: inject a clock (TapTapConfig exposes Now; SocialConfig would need the equivalent) or hold StateTTL, issue N start requests, then assert a cap/eviction (or that the sweep is not O(n) per insert) rather than unbounded growth.","SocialLogin.states is an unbounded map swept in O(n) on every unauthenticated start request"
"S06-5","medium","none","","","No test floods POST /login/taptap/challenge or inspects TapTapLogin.attempts / sweepLocked. referencesource/taptap_test.go exercises one challenge+poll end to end (TestTapTapLoginEndToEnd, with a fake clock) and internal/zzprobe/audit7/z14kitrptaptap/refsrc_test.go adds cross-browser poll probes, but neither inserts many attempts nor asserts any map cap or non-quadratic sweep. (referencesource/*_test.go is gitignored by /referencesource and was re-searched explicitly.) Harness needed: a fake enroller/clock, N challenge requests, and an assertion that the attempt map is bounded (cap/eviction) or that per-challenge sweep work does not grow with N.","TapTapLogin.attempts is an unbounded map with an O(n) sweep per challenge, reachable unauthenticated"
"S07-1","medium","none","","","No test exercises redirect handling in tapsign or taptapoauth. Every test builds an httptest server that answers in place and passes srv.Client() (CheckRedirect nil is never a variable under test); no test returns a 302 to a second host. httpclient/outbound_test.go TestNoCrossHostRedirectsRefusesASchemeChange only unit-tests the NoCrossHostRedirects helper, not that these packages install or require it. Harness needed: httptest server A answering 302 Location: <server B>, then call tapsign.Verify/Rotate or taptapoauth.Poll with a plain http.Client; assert X-LC-Session/X-LC-Key/Authorization is not delivered to B (or that the call errors).","Credential-bearing outbound requests rely entirely on the injected Doer for redirect policy; custom auth headers are copied to cross-host redirect targets by net/http"
"S07-2","medium","partial","internal/zzprobe/audit6/z03crypto/binding_namespace_test.go","TestProbeBindAuditFailureStrandsTheUpstreamToken","No default-suite regression guard for the store-then-audit order. Harness needed: an untagged vault/federation test with a failing audit.Logger asserting Enroll leaves no record (repo has no identity) / no binding row on audit failure -- a test that goes green now only after the fix and would catch a reintroduction. A characterization test asserting the residue as expected would be the only way to actually pin the current defect, and none exists.","vault.Enroll persists the credential before writing its audit event, so an audit failure returns an error for a write that already happened and leaves an un-audited (and in federation, orphaned) secret"
"S08-1","medium","direct","cmd/re0auth/zz_audit_keysource_test.go","TestAuditRenamedKekEnvLosesToTheFixedName","","Vault KEK resolution hardcodes RE0AUTH_KEK ahead of vault.kek_env, silently ignoring a renamed key"
"S08-4","medium","partial","internal/federation/killswitch_test.go","TestRevokeUserBindingsLeavesOthersAlone","Harness needed: bind a user in internal/federation over a vault whose Revoke returns an error (the existing revokeBrokenVault in refresh_rejected_test.go is the right shape), assert RevokeUserBindings returns Failed>=1 with a nil error; then drive internal/lifecycle.DeleteAccount with a Bindings port returning BindingOutcome{Failed:1} and assert it does not return nil / does not write outcome=ok (the fix), plus an HTTP-level DELETE /v1/account case asserting it is not 200 OK with result.bindings.failed=1.","DeleteAccount reports success and writes outcome=ok when the binding sweep has Failed>0 local removals"
"S09-1","medium","partial","internal/store/postgres/migrate_down_test.go","TestMigrateDownRollsBackOneStep","No test reaches the withMigrationLock/MigrateDown DSN-parse-error path the finding is about. Harness needed: call MigrateDown(ctx, malformedDSN, DefaultPoolOptions()) (or Migrate) with a DSN whose password pgconn cannot redact (e.g. ""postgres://user:pw"" or a keyword/value typo), then assert the password substring is absent from the returned error; alternatively add a source guard asserting redactDSNParseError is applied inside withMigrationLock / that MigrateDown parses through poolConfig first.","DSN (with password) can reach logs on the migration-down path: withMigrationLock never redacts the driver's parse error"
"S09-2","medium","direct","internal/zzprobe/pgstore/atomicity_probe_test.go","TestMultiStatementMutationsRunInATransaction","","Tokens.RevokeTokens is not transactional although revokeMatching documents that it is, so a bulk Kill Switch/erasure can half-apply"
"S10-2","medium","direct","internal/httpapi/zz_audit9_readyz_panic_test.go","TestAudit9PanickingReadinessProbeWedgesReadinessAtChecking","No test reaches readinessCache.check's abnormal exit, so the c.running=true / c.settled-never-closed wedge is unverified. Harness needed: healthServer/newFullConfig with Ready set to a func(context.Context) error that panics (the httpapi recoverer must be installed so the first request becomes a 500 rather than killing the test), then issue a second GET /readyz after readinessTTL and assert it returns a fresh 503 ""not ready"" (or 200) rather than 503 ""checking"" forever; a variant with a probe that blocks past readinessTimeout while ignoring probeCtx would pin the blocking half.","A panic in the readiness probe wedges /readyz at ""checking"" (503) forever"
"S11-6","medium","partial","internal/store/postgres/auditchain_test.go","TestVerifyTimeoutOutlivesThePoolBoundButStaysUnderTheHTTPCeiling","Nothing asserts a per-endpoint concurrency bound, a single-flight/last-result cache, or that repeated /v1/admin/audit/verify calls cannot pin pooled connections. Harness needed: a DB-backed test (TEST_DATABASE_URL; unavailable here) with MaxConns=N, N concurrent Verify calls holding the pool and a subsequent ordinary query, asserting either a semaphore/once-per-interval guard exists or that the second query is not starved. Postgres is required because the connection hold happens inside the open transaction.","/v1/admin/audit/verify runs a full-table chain walk synchronously with no concurrency bound, holding a pooled DB connection up to 45s"
"S12-1","medium","none","","","Nothing proves the AbortController deadline survives `await res.text()` (clearTimeout at api.ts:354 happens before the body read at :369). Harness needed: a Playwright test that page.route-fulfils a response whose headers arrive but whose body never completes (or is delayed past 15s), then asserts the page leaves '正在读取授权请求…' / the session spinner and renders a network_error alert; alternatively a vitest unit test with fake timers and a mocked fetch whose res.text() never resolves, asserting ApiError('network_error') by 15s. Neither a Node unit-test runner nor any route interception exists in the repo.","Per-attempt request timeout is disarmed before the response body is read"
"S13-2","medium","partial","internal/zzprobe/perf/memstore_test.go","TestMemStoreDevicePurgeIsPerInsert","No test pins purgeExpiredDevicesLocked's semantics or cost. Needed: plant N expired and M live device authorizations and assert one StoreDeviceAuthorization removes exactly the expired ones (Counts().Devices before/after), or a deterministic scaling assertion that per-insert work does not grow with the live population; and/or a cap test that a bounded store rejects/evicts at the configured limit.","StoreDeviceAuthorization is O(n) in the number of live device authorizations, under the store-wide mutex, on every public device-authorization request"
"S13-3","medium","partial","internal/zzprobe/audit7/z15performancecapacity/performance_probe_test.go","TestZ15MemoryDeleteAuthRequestScalesWithEveryPendingCode","No defect-pinning test exists for the O(pending codes) scan. Needed: a test that asserts the defective behaviour directly (e.g. an instrumented codes map proving DeleteAuthRequest visits every pending code, or an assertion that fails once a reverse index is added and the cost goes flat) — the current audit7 probe is the inverse, an invariant guard that would only catch a reintroduction.","DeleteAuthRequest scans every pending authorization code under the store mutex on each token exchange"
"S14-3","medium","partial","vault/rotate_page_test.go","TestRotateWalksPagesAndCoversEveryRecord; TestMemoryRepoPagesMatchList","Needs a scaling/complexity probe (the z15 perCall pattern) that fixes the page size and grows N, asserting the per-page cost does not track N, or a pager wrapper that fails if ListPage internally calls List()/sorts all rows. Also needs a cancelled-ctx test for vault/repo.go:233 (ListPage ignores the caller ctx and passes context.Background()).","Memory store pagers re-sort the whole table on every page: vault Rotate and the federation Kill Switch are O(N^2 log N)"
"S14-5","medium","partial","oauth/refresh_family_test.go","TestRefreshReplayRevokesTheFamilyWithoutOverRevoking; TestRefreshReuseWithAFailingRevocationFailsClosed","Needs a concurrent-interleaving harness: a Store wrapper that parks SaveAccess/SaveRefresh (or RevokeRefreshFamily) so a second Refresh can run between the winner's ConsumeRefresh and its mint, then asserts that no live refresh token of the revoked family survives and that revocation cannot miss the just-minted generation. No existing test would fail if the sequence became atomic.","oauth.Service.Refresh: refresh-family revocation is not atomic with rotation, so a concurrent replay can leave the new generation alive"
"S14-6","medium","partial","internal/store/memory/oidc_family_test.go","TestRefreshReplayRevokesTheWholeFamily","Needs a scaling probe over the replay path (perCall at N and kN tombstones/live refresh tokens, with a flatness control) or an invariant/import probe asserting a familyID index and an idHash index are maintained by putRefreshLocked/deleteRefreshLocked. Adding those indexes would not fail any current test.","memory.OIDCStore replays and revocations scan every token and tombstone while holding the single global mutex"
"S15-1","medium","partial","internal/zzprobe/audit7/z13verify/z13verify_test.go","TestZ13VKeyBackupLeavesPlaintextWhereTheSiblingLeavesNothing","No test exercises the defect: an `age` that exists but exits non-zero on line 45. Missing harness: put a stub `age` (exit 1) early on PATH, run the real scripts/backup.sh with BACKUP_AGE_RECIPIENT set into an empty temp dir, and assert the *.dump was removed after the non-zero exit. The existing probe would pass whether or not the line-46 shred guard exists.","scripts/backup.sh leaves the plaintext database dump behind when age encryption fails"
"S15-3","medium","partial","internal/archtest/k8s_test.go","TestBackupWorkloadIsSafeToLeaveRunning","It never asserts jobTemplate.spec.activeDeadlineSeconds, a `timeout`/PGOPTIONS statement_timeout around pg_dump, or a backup-staleness metric/alert in deploy/prometheus/re0auth.rules.yml — exactly the defect S15-3 describes. Harness needed: extend the existing CronJob parse to require a numeric activeDeadlineSeconds and add a rules-file assertion that no `re0auth_backup_*` staleness rule is silently absent (or that one exists).","Backup CronJob has no activeDeadlineSeconds: a hung pg_dump stops all future backups, silently"
"S01-10","low","partial","oauth/client_rotate_test.go","TestRotateSecretReplacesTheDigest","Need a test that pins the KDF contract: e.g. assert the stored digest is not sha256.Sum256(secret) (or that it contains a per-client salt / is a versioned argon2/bcrypt string), and a config-loading test that a weak [client].clientSecret is rejected or hashed with the salted KDF. Requires changing NewSecretHash first; today a test asserting a salted format would fail, and no test currently asserts the unsalted format either.","Client secrets are stored as an unsalted SHA-256 digest, so a weak config-file secret is off-line crackable if the store leaks"
"S01-11","low","partial","oauth/grants_test.go","TestGrantsListWhatAClientCanStillDo","Need a performance/concurrency probe on oauth.MemoryStore: seed a large store, call ListBySubject/SweepExpired while another goroutine loops GetAccess, and assert the read latency during the scan is bounded by the caller's own records (or that the two reads do not exclude each other once sync.RWMutex/per-subject indexes are added). A source guard could at least pin RWMutex plus an index, but the current test tree has nothing.","MemoryStore serialises all token operations on one Mutex and scans every record under the lock, so account-page reads and sweeps block token introspection"
"S01-12","low","partial","internal/zzprobe/audit7/z18verify/verify_test.go","TestZ18vTokenStoreHandsOutTheStoredScopeSlice","The cited //go:build audit7 probes exercise the exact read paths (GetAccess, ListBySubject) and are RED while the aliasing exists, but they assert the safe cloned property rather than pinning the aliasing as expected behaviour: applying the finding's recommendation (defensive copies on every read) turns them green. A test that merely exercises the path and fails on the defect detects it; it does not pin it, so direct is unsupported. The default untagged oauth/ suite has no equivalent assertion, so partial.","Store reads return struct copies whose Scopes slices alias the stored backing array, so a caller mutating a returned record corrupts stored authorization state"
"S01-4","low","partial","oauth/as_test.go","TestAuthorizationCodeFlow","No failure-injection harness for issuance. Needed: a Store wrapper around MemoryStore whose SaveRefresh returns a sentinel error (and, separately, whose SaveAccess fails), then assert that oauth.Exchange/Refresh returns the error and that GetAccess/Introspect finds no live record for the value that would have been returned. Once a SaveTokenPair pair API is added, the test becomes one call asserting neither row survives a failure.","Token issuance is not atomic: a failure after SaveAccess leaves a live, undeliverable access token in the store"
"S01-5","low","partial","oauth/as_test.go","TestConfidentialClientMustAuthenticate","Need a test that submits both an unknown client id and a registered id with a wrong secret through s.client(..., true) (token/revoke/AuthenticateClient), captures the serialised error_description, and asserts the two are byte-identical (and, ideally, a statistical timing assertion). Also only reachable if the description is unified first; today the two descriptions differ by design.","Client authentication tells an unknown client apart from a wrong secret, contradicting the kit's stated indistinguishability requirement"
"S01-7","low","partial","oauth/client_rotate_test.go","TestRotateSecretReplacesTheDigest","Need a test that calls RotateSecret with a truncated digest (e.g. NewSecretHash('x')[:16]) and with a hex/base64-encoded 64-byte digest and asserts it is rejected, plus a control that a wrong-length digest makes Authenticate fail. Requires adding the len==sha256.Size check to RotateSecret.","RotateSecret accepts a hash of any length while RestoreClient demands sha256.Size, so a bad rotation silently locks a confidential client out"
"S01-8","low","partial","oauth/tokens_reuse_test.go","TestMemoryStoreDeleteRefreshClearsItsTombstone","Need a service-level test: rotate RT1 -> RT2, call svc.Revoke(RevokeRequest{ClientID, Token: RT1}), then present RT1 again and assert it is not reported as *RefreshReuseError (tombstone cleared) and/or that RT2 is revoked. Requires MemoryStore.TokenOwner to resolve spent values via the tombstone (or an explicit tombstone-aware revocation path).","Revoke cannot reach a spent refresh token's tombstone: the documented DeleteRefresh tombstone-clear is unreachable and RFC 7009 revocation of a rotated token is a false success"
"S01-9","low","partial","oauth/as_test.go","TestExchangeBindingFailureIsAudited","Need a test with a failing audit.Logger injected into oauth.NewService that drives a security-relevant path (reuse_detected, revoke, grant revoke) and asserts the drop is observable (error returned, logged at error level, or a counter incremented). Today the failure is silent by construction, so a negative test can only be written after the error is no longer discarded.","Audit failures are silently discarded, so reuse detection, revocation and failed exchanges can go unrecorded"
"S02-10","low","none","","","Confirmed none. Independent greps for state/nonce length coverage found nothing: no test matches ""(state|nonce)"": {strings.Repeat, no maxState/maxNonce/StateBytes/NonceBytes/stateLength/nonceLength identifiers, and len(state)/len(nonce) appear in no test. The only parameter-size tests are for PKCE (internal/oidchttp/zz_audit_protocol_test.go, adversary_test.go:43-128 challenge, audit6 z01protocolauth regress_test.go long-challenge) and for request-body/header limits (internal/httpapi/bodylimit_test.go, zz_audit_httpapi_test.go). Harness needed: GET /oauth/authorize with state/nonce of ~60 KiB (valid client, redirect, PKCE) and assert the entrance refuses it; today it is accepted and persisted verbatim. Low.","No length cap on state, nonce (or other authorize parameters) at the entrance, unlike PKCE, request-id and handle ids"
"S02-6","low","partial","internal/zzprobe/audit6/z06httpedge/routes_test.go","TestZ06WellKnownVerbMatrixCoversEveryDocument","No test asserts that a protocol-plane 405 LACKS Allow (the defect). The existing probes assert the opposite and are currently red. If the audit wants a defect-pinning record, none exists; if it wants a fix-verifying record, this test already provides it.","Protocol-plane 405 responses omit the mandatory Allow header"
"S02-7","low","partial","internal/httpapi/zzprobe_httpedge_test.go","TestZZProbeEncodedAndOddSpellingsKeepTheirPlane","Missing: a test that GETs an escaped discovery spelling and asserts 200 + the discovery document. NOTE (independent finding-level observation from a temporary probe that has been removed): the finding's OWN example spellings /.well-known/openid%2Dconfiguration and /.well-known/oauth%2Dauthorization-server actually answered 200 with the discovery document in this harness, so the cited Path-rewritten/RawPath-stale branch did not reproduce for the %2D spelling; the %2F spelling 404s through the outer routing, which is not necessarily serveDiscovery's clone. Whoever owns S02-7 should re-confirm the cited branch before writing a 200-asserting harness. Low.","Discovery rewrite mutates URL.Path but not RawPath, so a percent-encoded RFC 8414 alias 404s instead of serving the OIDC document"
"S02-8","low","partial","internal/oidchttp/zz_audit_introspect_seam_test.go","TestZZAudit_IntrospectRejectsAnIDToken","Missing: a store whose SetIntrospectionFromToken returns a pool/statement-timeout error, driven through Handler.Introspect and/or withBearer, asserting the outcome the fix should produce (5xx / store-unavailable metric) rather than 401 invalid_token. Harness: an op.Storage test double (the seam test / storemetrics tests already wrap op.Storage) whose introspection method returns an infra error; currently every error collapses to Active=false. Low.","Handler.Introspect collapses a store outage into Active=false, reporting infrastructure failure to /v1 as an invalid token"
"S02-9","low","partial","internal/oidchttp/oidchttp_test.go","TestSanitizeTokenResponse","Missing: an allocation/CPU budget on the token-endpoint 200 (and error) path, e.g. testing.AllocsPerRun around sanitizeTokenResponse/isOAuthErrorBody or a benchmark with -benchmem and an alloc ceiling for a response carrying offline_access. A pure correctness test cannot detect the two extra JSON passes. Low.","Every successful token response is fully JSON-decoded and re-encoded by sanitizeTokenResponse"
"S03-10","low","partial","internal/zzprobe/pgstore/atomicity_probe_test.go","TestMultiStatementMutationsRunInATransaction","The unbounded/batching half is untested and the atomicity half is only asserted statically, not behaviourally, so the finding is only partially pinned. Needed: a source guard (mirroring the SweepExpired LIMIT guard) requiring LIMIT ... ctid IN (...) in RevokeAllSessions/RevokeSubjectSessions, plus a DB-backed test that plants a backlog larger than one batch and asserts one call drains it in bounded batches and that sessions + session_subjects deletes are one transaction (the existing tests all run against a live Postgres, unavailable here).","Kill Switch session revocation is unbounded and not atomic"
"S03-11","low","partial","internal/core/core_test.go","TestReactiveActivationAndDeactivation","No concurrent Remove-vs-Apply harness. Needed: a component whose Apply blocks on a channel; call app.Remove(fiber) from another goroutine while Apply is parked; release Apply; assert the removed fiber does not report StateActive afterwards (and its capabilities are not resolvable), run with -race. Until the state transition is made generation-conditional this test would be RED, which is the point.","core.App.Remove races with an in-flight load, allowing a removed fiber to be marked active without its scope"
"S03-2","low","partial","internal/auth/auth_test.go","TestSignInDestroysTheSessionWhenTheIndexFails","Missing failure injection on the session store's Delete during SignIn. Needed: an scs.Store wrapper with working Find/Commit but a failing Delete, a request carrying a valid pre-existing session cookie (so scs RenewToken actually calls Delete instead of skipping it for an empty token), then call SignIn and assert the session was destroyed / keyUser is not readable afterwards and no live cookie is handed out. Today failingDeleteStore doubles in internal/httpapi/account_routes_test.go and internal/zzprobe/verifycrypto/verify_crypto_test.go start from a cookie-less session, so RenewToken never deletes and the branch stays uncovered.","SignIn leaves an authenticated session outside the SessionIndex when RenewToken fails"
"S03-3","low","partial","internal/httpapi/account_routes_test.go","TestDeleteAccountDoesNotLogTheRawSubjectWhenSessionCleanupFails","No test pins the order index.Forget -> sessions.Destroy or its failure consequence (live session reachable through the cookie but absent from session_subjects). Needed: a manager wired with a failingDeleteStore plus a recording fakeIndex; call SignOut/EndSession; assert the token still resolves to a live session in the store (or is re-committable) while the index forgot it, and that Destroy-first/Forget-later is what a fixed implementation would do. The existing failing-store tests never assert index state.","EndSession forgets the session index before destroying the session, so a failed sign-out leaves an unrevocable live session"
"S03-4","low","partial","internal/auth/auth_test.go","TestSecondLoginReusesAccount","No test drives account.ErrIdentityTaken out of CreateWithIdentity on the login callback, and no test interleaves two callbacks holding the same flow state. Needed either an account.Store double whose FindByIdentity returns ErrNotFound once and CreateWithIdentity then returns ErrIdentityTaken (assert the response is NOT ?error=signup_failed and the found user is signed in), or two concurrent GET /auth/{provider}/callback requests sharing one loaded flow state, asserting the loser logs in instead of failing. This only becomes a passing test after the recommended retry/re-lookup is implemented (or is written RED against it).","Concurrent first login of the same identity is reported as signup_failed instead of retrying the lookup"
"S03-5","low","partial","internal/zzprobe/audit7/z07authsessionlifecycle/erasure_test.go","TestZ07ErasureFailureLeavesTheOtherSessionAnswering500","Verifier correction (direct -> partial): the cited test is a currently-RED probe encoding the desired post-fix response (drop the zombie session and answer 401), not a test that witnesses the 500 as expected behaviour. It exercises the exact production path and will validate the fix, but it cannot fail once the fix lands, so the direct bar is not met. A genuine defect-pinning lock would assert that a session naming a missing account still answers 500 (characterization) - none exists, and the answer is expected to change to 401. Residual gaps unchanged: /v1/identities is not probed at all.","Session referencing a missing account answers 500 instead of tearing the session down"
"S03-6","low","partial","internal/zzprobe/audit7/z10adminauditprivacy/allowlist_test.go","TestZ10EveryAdminRouteIsShutToAnonymousAndNonAdmins","Missing erased-account admin test. Needed: build the admin probe/wired env, sign in as the allowlisted operator, remove the account row without revoking the session (account store DeleteUser, memory mode where Sessions has no revoker), then call /v1/admin/clients, /v1/admin/kill_switch and /v1/admin/audit and assert they no longer answer 200 (401/404 after the recommended GetUser re-check). A source-level guard could also pin that requireAdmin/requireAdminWrite consult the account store.","Admin authorization trusts the session claim without re-checking that the account still exists"
"S03-7","low","partial","internal/account/account_test.go","TestCreateAndFind","No harness reaches the O(total identities)-under-RLock behaviour. Needed: a probe seeding N accounts x M identities, asserting Identities is O(k) for the user's own identities (or that it does not touch every row), ideally paired with a contention test showing TouchLogin/LinkIdentity are not serialized behind a large Identities read; a source-level guard requiring a maintained map[UserID][]IdentityID index is the cheap alternative.","MemoryStore.Identities scans every identity in the process and holds the lock for the whole scan"
"S03-8","low","partial","internal/store/postgres/postgres_test.go","TestAccountsLinkIsIdempotent","No test observes the extra EXISTS query. Needed: a pgx/tracer-backed or fake-pool harness that counts queries for one Identities call and asserts a single statement, or a source-level guard that the method body contains exactly one SELECT. A DB-backed test would also need local Postgres, which this environment lacks; a query-counting wrapper over pgxpool could run without one if the adapter accepted an interface.","Postgres Identities uses an EXISTS round trip before the real SELECT"
"S03-9","low","partial","internal/auth/zz_audit_session_test.go","TestZZAuditCallbackLeavesTheNonceInTheSession","Verifier correction (direct -> partial): the cited test encodes the desired post-fix cleanup and is currently red because flow_nonce remains; it cannot fail once keyFlowNonce is added to flowKeys, so it does not pin the defect as expected behaviour. A genuine defect lock would assert the nonce is retained after clearFlow (characterization); none exists, and the desired direction is removal. Practical impact of the correction: S03 now has one fail-on-fix (defect-pinning) test (S03-1) and no defect lock for the nonce-retention finding.","clearFlow does not remove the OIDC nonce from the session"
"S04-2","low","partial","oauth/device_test.go","TestDeviceAuthorizationRejectsUnknownClientAndScope","Needs a test that registers a ClientConfidential client with a secret and calls BeginDeviceAuthorization with only client_id plus the registered scope, asserting invalid_client, plus a companion test that HTTP Basic or client_secret_post with the correct secret still succeeds. No existing test would fail if confidential device requests were left anonymous.","BeginDeviceAuthorization does not authenticate confidential clients, allowing anonymous device requests that impersonate a trusted client on the consent screen"
"S04-3","low","partial","oauth/device_test.go","TestDeviceAuthorizationExpires","Needs a store-level test asserting that device records past ExpiresAt are released from both maps, e.g. after SaveDevice + clock advance a SweepExpired(now) returns the removed count and the map lengths drop, mirroring oauth/tokens_sweep_test.go:TestMemoryStoreSweepExpired and internal/store/memory/oidc_sweep_test.go for the OP store. No sweep API exists on MemoryDeviceStore today, so a harness must first add/observe one.","MemoryDeviceStore never expires anything: device authorizations accumulate for the process lifetime"
"S04-4","low","partial","oauth/grants_test.go","TestGrantsListWhatAClientCanStillDo","Needs a benchmark or an instrumented-store test that proves the lookup touches only the subject's own hash set (e.g. a counter of rows visited vs a store with many other subjects' tokens), plus a concurrent test showing a grants read does not serialize token issuance. oauth has no grants benchmark; the only grants benchmark (internal/store/memory/oidc_grants_bench_test.go) covers the OP store, not oauth.MemoryStore.","Grants page scans every token in the process under the store's single mutex (no subject index in the in-memory store)"
"S04-5","low","partial","oauth/device_test.go","TestDeviceAuthorizationHappyPath","Needs a fault-injecting DeviceStore (the interleavingDeviceStore in oauth/device_race_test.go embeds DeviceStore but adds no error injection) whose GetDeviceByUserCode returns a generic error, asserting BeginDeviceAuthorization propagates that error rather than the generic 'could not allocate a unique user code'; and a test that SaveDevice/reject-on-write refuses a duplicate user code.","freeUserCode treats every store error as a collision and checks uniqueness non-atomically"
"S04-6","low","partial","oauth/device_test.go","TestDeviceAuthorizationSlowDownThenPending","Needs tests that (a) decide a code denied/approved and poll within the interval, asserting access_denied/tokens precede slow_down, and (b) set Config.DevicePollInterval to e.g. 1500ms and assert the advertised Interval is the same effective value the throttle enforces (no spurious slow_down for a client pacing to the advertised interval).","slow_down is returned before the terminal device status, and the advertised interval is truncated"
"S04-7","low","none","","","No test reaches writeDecisionError's default branch or the DescribeAuthorization/DenyAuthorization error branches in internal/httpapi/authorization_routes.go. authz_flow_test.go's flowEnvOptions only allows substituting Federation and SessionStore, so the authorization.Interaction cannot be made to fail; TestConsentHandleCannotBeUsedByAnotherAccount and TestAuthorizationHandleIsBoundToBrowser assert the consentHandle ownership 404, which is a different code path. HandleDeviceDecision's classification is unit-tested by device_problem_test.go but that is not the consent path. Harness needed: an injectable authorization.Interaction (or ConsentStore) that returns a generic non-oauth error from DescribeAuthorization, DenyAuthorization and ApproveAuthorization, asserting 500 internal_error (with no leaked text) instead of 404 'authorization request expired'.","Consent decision conflates store failures with an expired authorization request"
"S04-8","low","none","","","oauth/scope_test.go exercises Registry.Register (duplicate/malformed rejection), Get and Resolve only sequentially, as does oauth/as_test.go:43; no test performs a concurrent Register against concurrent Get/Resolve, so the missing sync.RWMutex is invisible to the suite. The other race-style tests in the tree (internal/federation/zz_audit_race_test.go, internal/zzprobe/concurrency) target other components. Harness needed: a -race test that starts serving goroutines calling Get/Descriptors/Resolve while another goroutine calls Register, or an immutability test asserting Register refuses once serving begins.","Registry.Register mutates the scope map without synchronization while Get/Resolve read it concurrently"
"S04-9","low","none","","","Every default-build call to BeginDeviceAuthorization in the oauth tests passes a non-empty scope slice (device_test.go, device_verify_path_test.go); the empty-scope input is never exercised, so the Registry.Resolve(nil) success -> scope-less token pair path is unverified. internal/httpapi/device_routes_test.go:TestDeviceDecisionExplicitEmptyScopesIsRefused tests the decision-time empty approval on the OP-backed route, not an empty-scope BeginDeviceAuthorization on oauth.Service. Harness needed: a test calling BeginDeviceAuthorization with no scopes (and with an empty slice) through oauth.Service, asserting it is refused (invalid_scope/invalid_request), plus a full-flow variant showing no token pair is issued for a zero-scope device authorization.","Device authorization accepts an empty scope set and issues a scope-less token pair"
"S05-3","low","partial","internal/federation/binding_page_test.go","TestMemoryBindingStorePagesCoverEverythingOnce","No allocation or complexity assertion on MemoryBindingStore.List (the `make([]Binding, 0, len(s.m))` pre-allocation) or ListAllPage (whole-map copy + re-sort per page). The paging test would pass unchanged if the store kept the same semantics but different cost, and would pass unchanged if the defect were fixed. Harness needed: a store seeded with many other users' bindings, then testing.AllocsPerRun/Benchmark on List(user) asserting capacity/allocation does not scale with len(s.m), and a paged sweep benchmark asserting ListAllPage does not re-sort the entire map per page.","MemoryBindingStore.List pre-allocates for the whole deployment and ListAllPage re-sorts the whole map on every page"
"S05-4","low","partial","internal/federation/missing_test.go","TestMissingBindingsNamesPreferredSource","No test measures the O((sources x resources)^2) cost or the per-iteration registry.Sources(game) copy+sort + cand.Resource(name) linear scan inside MissingBindings. missing_test.go and verifyfederation/scopegate_test.go use one or two sources and assert only the resulting requirement set; they pass unchanged whether or not the inner loops are indexed. The z15 perf probe (internal/zzprobe/audit7/z15performancecapacity/performance_probe_test.go TestZ15RegistryListingCannotMutateTheRegistry) logs Registry.Sources allocations but never calls MissingBindings. Harness needed: a registry with many sources/resources per game and a Benchmark/allocation-count on MissingBindings asserting work does not scale quadratically (e.g. no Sources(game) copy per resource iteration).","MissingBindings is O((sources x resources)^2) with a copy+sort per candidate lookup"
"S05-5","low","direct","internal/zzprobe/audit7/z09federationdataplane/status_test.go","TestZ09RegistryAcceptsAnyStatusSpelling","","NewRegistry validates RawBase and token_class but not Status, so an unrecognized status is fail-open"
"S05-6","low","direct","internal/zzprobe/audit7/z09verify/verify_test.go","TestZ09VerifyASchemeRelativeIssuerWouldRedirectTheBindOffOrigin","","Source.Issuer and endpoint overrides are not validated as absolute http(s), unlike RawBase"
"S05-7","low","partial","internal/zzprobe/audit7/z09federationdataplane/bind_test.go","TestZ09ARetiredSourceCanStillBeBound","CORRECTED from direct to partial. The sole cited test cannot fail if the finding is fixed: when BeginBind(gone) returns ErrSourceRetired the else branch logs and the test ends green, so it is a red probe rather than a fix-detection guard. No companion test compensates — a repo-wide grep for StatusRetired/BeginBind found no test that asserts BeginBind or CompleteBind refuses a retired source (raw_test.go TestRawRetired and missing_test.go TestMissingBindingsSkipsRetiredSource cover different entry points, and the source_selection tests cover candidates()/Raw). Harness needed: assert unconditionally that BeginBind(gone) (and CompleteBind on an already-started retired flow) returns ErrSourceRetired, e.g. `if !errors.Is(err, ErrSourceRetired) { t.Errorf(...) }`, which stays red today and goes green only after the status check is added.","BeginBind and CompleteBind accept a retired source that the rest of the plane refuses"
"S05-8","low","partial","internal/federation/adversary_test.go","TestAdversarialUnbindReportsAnUnopenableSecret","No test asserts that the subject identity (vault Identity's Subject:Provider) does not reach the process log on this branch. The existing static guard internal/zzprobe/crypto/source_log_guard_test.go matches slog attribute KEYS (user/subject/...) only, so an identity embedded inside err.Error() is invisible to it; a fix that logs a classification instead of %w leaves both tests green. Harness needed: a vault.Use error that formats a real Identity (Subject ""usr_..."", Provider ""game.source"", as vault/repo.go does for a key-not-configured record), capture slog output, and assert neither the Identity string nor the raw subject appears.","revokeUpstream logs a vault error that can embed the raw subject identity"
"S06-10","low","partial","referencesource/social_test.go","TestSocialLoginEndToEnd","Only the return_to=/ happy path is used (startSocial hardcodes /), and no test passes a hostile return_to (https://evil.example/x, //evil.example, javascript:) or asserts the callback JSON's return_to is sanitized via safeurl.RelativePath. Harness needed: start with a hostile return_to, complete the flow, and assert the echoed return_to is a safe relative path (or rejected), plus a direct test of the store/emit validation.","SocialLogin stores and echoes return_to without safeurl.RelativePath validation"
"S06-6","low","none","","","Every existing conformance.Run test serves a 200 /.well-known/oauth-authorization-server (upstreamkit/conformance/conformance_test.go default and its metadata() helper, internal/zzprobe/audit7/z14kitrptaptap/conformance_test.go, internal/zzprobe/audit7/z14verify/fixture_test.go and internal/zzprobe/protocol/kit), so the non-200 branch that returns before defer closeBody(resp) (conformance.go:211-216) is never reached, and no test asserts resp.Body is closed at all. Harness needed: a target whose discovery succeeds but metadata answers 403/500, driven through Run with a body-close-tracking RoundTripper (or a ConnState/connection counter on the httptest server) asserting the response body was closed.","Conformance runner leaks the response body of a non-200 metadata document (never closed)"
"S06-7","low","partial","internal/zzprobe/audit7/z14kitrptaptap/rpconfig_test.go","TestZ14HalfExplicitEndpointIsSilentlyDiscarded","CORRECTED from direct to partial. Red probe, not a defect pin: it t.Errorf's while the partial override is discarded and would PASS as soon as the finding is fixed (keep the configured AuthURL and fill only the empty side from discovery), so it does not satisfy 'fail once the code is fixed'. The paired control cannot compensate because it is green before and after the fix (both endpoints explicit still short-circuits). Harness needed: a characterisation test that asserts the discard itself, e.g. that a half-configured pair is overwritten by the discovered endpoint (or, for the recommended rejection fix, that NewRegistry returns an error for a partial override), so the test goes red exactly when the merge/reject fix lands.","A partial AuthURL/TokenURL override on a discovered OIDC provider is silently discarded"
"S06-8","low","none","","","No test asserts that an injected RegistryConfig.HTTPClient must have a Timeout, and none exercises a hung jwks_uri during verifier.Verify to show that client cancellation/deadline cannot release the goroutine. TestExchangeUsesTheConfiguredClient (idp/idp_test.go) does inject a timeoutless &http.Client, but only asserts Exchange used its transport (token endpoint happy path), not the JWKS/cancellation defect; all OIDC tests inject provider.Client() (also timeout 0) but with a responsive JWKS, and idp/*_test.go contains no context cancellation/timeout assertion on this path. Harness needed: inject an http.Client with Timeout 0, serve a jwks_uri that blocks, call Identity with a cancellable context, and assert the call returns once the context/deadline fires (or that NewRegistry rejects/wraps a timeoutless client).","Injected RegistryConfig.HTTPClient may have no timeout, and go-oidc's JWKS fetch is context.WithoutCancel'd, so a hung IdP can pin a login goroutine"
"S06-9","low","direct","internal/federation/zz_audit_fallbackclient_test.go","TestZZAuditFallbackExchangeClientHasNoAddressGuard","","federation.NewService's Doer-only fallback builds an outbound client with the SSRF guard off"
"S07-10","low","partial","tapsign/client_test.go","TestRotateReturnsReplacement","Missing failing-audit Rotate test. Harness needed: inject an audit.Logger whose Record always errors into newClient (or export a seam), then call Rotate and assert the contract the finding is about: either the replacement is returned with a typed partial-success error documenting that it must be persisted, or the replacement is not returned at all. (Revoke's safer mirror-image already has TestRevokeDiscardsReplacement / TestRevokeIsIdempotentOnInvalid but those are not about the audit write.)","tapsign.Rotate returns the replacement token together with an audit error, inviting callers to discard a token that is now the only live credential"
"S07-3","low","partial","vault/rotate_page_test.go","TestMemoryRepoPagesMatchList","Nothing would fail on the O(N^2)/full-store-clone-per-page behaviour. Harness needed: a benchmark or testing.AllocsPerRun/runtime.MemStats test that calls MemoryRepo.ListPage once per page over N records and asserts per-page work/allocations stay bounded (sublinear in N), plus an assertion that ListPage forwards the caller's ctx instead of context.Background().","MemoryRepo.ListPage reloads clones and re-sorts the entire store on every page, making a rotation O(N^2 log N) with N clones per page"
"S07-5","low","partial","taptapoauth/client_test.go","TestStartDeviceCode","No upper-bound/overflow assertion. Harness needed: device-code handler returning interval:9223372036 and expires_in:9223372036 (and values near math.MaxInt64/1e9); assert Start clamps Interval to a protocol-sane max (and ExpiresAt to a bounded window) instead of returning ~292-year durations or a wrapped/negative value.","taptapoauth accepts upstream-controlled interval and expires_in without an upper bound or overflow guard"
"S07-6","low","partial","tapsign/client_test.go","TestVerifyOK","Missing assertion that Verify records (or deliberately does not record) a tapsign.verify event with its outcome. Harness needed: use the logger from newTestClient in a Verify test and assert a tapsign.verify event with outcome ok for 200, denied for 401/403, error otherwise (such a guard would fail today because Verify never calls finish/Record).","tapsign.Verify performs a credential-bearing upstream call with no audit record"
"S08-3","low","partial","internal/lifecycle/lifecycle_test.go","TestDeleteAccountDestroysThePseudonymKeyLast","Harness needed: an audit.Logger whose Record succeeds on the first (success) event but errors on the corrective event, combined with a Pseudonyms.Destroy that fails; assert the run cannot leave the false success as the only record for the subject (e.g. the correction error is propagated/joined into the returned error, or the first record is written with pseudonym_destroyed=false plus a pending marker). Currently such a test would not exist in either direction.","DeleteAccount writes an outcome=ok record claiming the pseudonym key was destroyed before Destroy runs, and the correcting record is best-effort"
"S08-5","low","partial","cmd/re0auth/main_test.go","TestUniversalTrustedPrefixNeedsAcknowledgement","Harness needed: call parseTrustedProxies([]string{""0.0.0.0/1"",""128.0.0.0/1""}) and the IPv6 pair (""::/1"",""8000::/1"") and assert hasUniversalPrefix returns true / loadConfig refuses them without trusted_proxies_any, i.e. a prefix-union coverage check rather than a single Bits()==0 scan.","Universal trusted-proxy list check only matches a single /0 prefix, so two /1 entries bypass the acknowledgement"
"S08-6","low","direct","internal/zzprobe/audit7/z19verify/printenv_test.go","TestZ19VPrintSecretEnvEchoesAPastedValueNullifiesThePositiveClaim","","-print-secret-env echoes whatever is in an *_env name slot verbatim, disclosing a value pasted into the wrong field"
"S08-7","low","partial","cmd/re0auth/timeouts_test.go","TestDataPlaneTimeoutFitsInsideTheWriteTimeout","Harness needed: an assertion of the intended relation between the drain budget and the data-plane deadline (e.g. shutdownTimeout >= dataPlaneTimeout + the slack needed to write the refusal), in the same style as TestDataPlaneTimeoutFitsInsideTheWriteTimeout, together with the matching terminationGracePeriodSeconds. Today shutdownTimeout(30s) < dataPlaneTimeout(45s) would pass every existing test.","Graceful-shutdown drain budget (30s) is shorter than dataPlaneTimeout (45s), so shutdown cuts the request the design says must get a readable refusal"
"S08-8","low","direct","internal/federation/zz_audit9_buffer_budget_zero_test.go","TestAudit9ZeroBufferBudgetIsCoercedToTheDefault","Harness needed: loadConfig with the file setting max_upstream_buffer_bytes = 0 and, separately, RE0AUTH_MAX_UPSTREAM_BUFFER_BYTES=0, then assert either a config-stage refusal naming the field (like the negative branch) or that federation.NewService keeps the resolved 0 (fail-closed) rather than substituting the 64 MiB default; a plain 'unset takes the default' assertion would also pin the intended pointer semantics.","An explicitly configured max_upstream_buffer_bytes = 0 is silently replaced by the 64 MiB default"
"S08-9","low","partial","idp/oidc_test.go","TestCustomOIDCProviderDiscoversEndpoints","Harness needed: a loadIdP/loadConfig case with [idp.custom] issuer = ""http://idp.example"" asserting a refusal naming the field unless an acknowledgement is set (or a prominent scheme warning is logged); today the non-https issuer is silently accepted, and the existing https-only config test plus the httptest-based idp test do not pin that policy in either direction.","A custom OIDC provider's issuer is not required to be https, so the token exchange can run in cleartext"
"S09-3","low","partial","internal/store/postgres/postgres_test.go","TestAccountsUnlinkKeepsLastIdentity","No test injects a non-noRows database error into UnlinkIdentity and asserts it is surfaced instead of being mapped to account.ErrNotFound. Harness needed: run UnlinkIdentity on a pool whose statement fails with a non-noRows error (statement_timeout=1ms, cancelled context after Begin, or an unreachable/short-lived connection) and require an error that is NOT account.ErrNotFound / is not errors.Is(err, account.ErrNotFound); or a source guard asserting the account.go:199-206 block checks `err != nil` before the ownership comparison.","UnlinkIdentity masks any database error as ErrNotFound because ownership is checked before err"
"S09-5","low","partial","internal/store/postgres/migrate_down_test.go","TestMigrateDownRefusesToDestroyTheAuditChain","No test covers the 0024/0025 rollback path or asserts that a live family/tombstone state refuses Down. Harness needed: extend the schema-scoped migration harness (as TestMigrateDownRefusesToDestroyTheAuditChain does) to UpTo 24/25, insert a live oidc/oauth refresh row with a non-empty family_id (or a tombstone), then assert refuseAuditChainRollback returns a refusal naming the migration; additionally assert the 0024/0025 Down cannot silently drop oauth/oidc tombstones and family columns while detectable replay state exists.","Rolling back migrations 0024/0025 silently drops refresh-family tombstones and replay detection; the MigrateDown guard only covers 13/14"
"S09-6","low","partial","internal/zzprobe/audit7/z10adminauditprivacy/postgres_chain_test.go","TestZ10VerifyDoesNotCheckTheHeadAgainstTheLastRow","No test pins the head-vs-walked-chain gap in the fail-on-fix direction, and the audit7 probe is absent from the default `go test` run. Harness needed: a characterization/tripwire guard that fails when the fix lands (e.g. assert the shipped Verify still returns OK=true for a planted head, or a source-level guard that the walk compares the final hash against head in one snapshot: single statement or SET TRANSACTION ISOLATION LEVEL REPEATABLE READ).","Verify reads audit_chain.head_hash as a witness but never compares it to the walked chain, so tail truncation is not detected even though the anchor is in hand"
"S09-7","low","partial","internal/store/postgres/oidc_test.go","TestAuthorizationCodeIsSingleUse","No test calls AuthRequestByCode or the deviceState read against a failing database and asserts the cause is preserved. Harness needed: build postgres.OIDCStore over the unreachable pool pattern used by internal/zzprobe/audit6/z04pgstore/revocation_error_probe_test.go (127.0.0.1:1) and assert GetDeviceAuthorizatonState (deviceState pool.Query) surfaces a non-sentinel error; AuthRequestByCode cannot be driven to the cited DELETE via an unreachable pool because its Begin fails first, so it needs a real connection plus cancellation/statement_timeout to make the DELETE error, then assert the error is not 'postgres: authorization code is unknown or expired'.","Database outages are collapsed into protocol 'not found' on the authorization-code and device-poll paths, unlike every refresh/revocation path"
"S09-8","low","partial","internal/zzprobe/pgstore/atomicity_probe_test.go","TestMultiStatementMutationsRunInATransaction","DeleteRefresh's two autocommit deletes are uncovered, and no test exercises the half-applied interleaving claimed for any of the four methods (only the source shape is pinned). Harness needed: add DeleteRefresh to the atomicity probe's unprotected set (or wrap all four in one pgx.Tx) and, where a live DB is available, fail the second statement and assert no orphaned session_subjects row / no leftover tombstone / no leftover oauth_device_authorizations row remains.","Several multi-statement deletes run without a transaction, leaving orphaned session index rows and post-revocation replay tombstones"
"S09-9","low","partial","internal/store/postgres/auditpseudo_test.go","TestPseudonymCacheIsBounded","No test asserts the hit-rate/round-trip consequence of clearing the whole map on overflow (records for subjects already seen being evicted). Harness needed: fill the cache to pseudoCacheMax, insert one new subject, then assert a previously-remembered subject is still present (fails today); or a perf/round-trip probe counting subjectKey SELECT/reselect misses during a >pseudoCacheMax distinct-subject burst.","Audit pseudonym cache is dropped wholesale at 4096 entries, so bursts over distinct subjects put 1-3 extra queries on the vault fail-closed path"
"S10-3","low","none","","","The panic-after-commit path (finish/release skipped, zstd encoder Close never called, writer never returned to sync.Pool) has no test. Harness needed: compress.Compressor.Handler wrapping a handler that writes >DefaultMinSize bytes with Content-Type application/json and then panics, with the compressor (or a fake Encoding) counting New/Close/Put so the assertion can see whether the writer was released and the pool refilled; run under a recover so the panic is absorbed, then assert the next compressed request reuses a Reset writer and that Close was called once per acquired writer.","Compression writer is never closed or pooled when a handler panics after compression starts"
"S11-1","low","direct","internal/admin/admin_test.go","TestActionsAreAudited","","Admin audit detail stores the raw operator account id in Detail[""actor""], defeating pseudonym-key destruction"
"S11-2","low","partial","internal/zzprobe/audit7/z10adminauditprivacy/killswitch_report_test.go","TestZ10KillSwitchAllIsSilentAboutAMissingSessionRevoker","Verifier correction (direct -> partial): the cited test is a currently-RED probe encoding the desired post-fix behavior, not a test that locks the defect in. It exercises the exact production path and will validate the fix, but it does not witness the defect as expected behavior. A genuine direct lock would assert the marker's absence (the shape used by the audit7 source-level twin); no ungated test asserts anything about the session dimension's unavailability.","Kill Switch silently reports sessions_revoked=0 when the deployment has no session revoker, with no unavailability marker"
"S11-3","low","partial","internal/admin/admin_test.go","TestKillSwitchSubjectPurgesFlows","No test wires a Flows port and calls KillSwitch with Target{All:true}, so neither the missing global purge nor the missing unavailability marker is asserted. Harness needed: a FlowPurger fake (and, for the marker, a FlowsUnavailable field that does not exist yet) plus an all-target test asserting either that pending flows were purged or that the report explicitly says it cannot purge them. Today the FlowPurger port exposes only PurgeUserFlows, so an all-target test can only observe absence.","Kill Switch `all` cannot purge in-flight bind flows and does not say so, allowing access to be re-created after the sweep"
"S11-4","low","partial","internal/zzprobe/audit7/z10adminauditprivacy/killswitch_report_test.go","TestZ10KillSwitchDropsThePartialSummaryWhenASweepFails","Verifier correction (direct -> partial): the cited test is a currently-RED probe encoding the post-fix response shape, not a test that locks the discarded-summary behavior in. It exercises the exact HTTP failure path and will validate the fix, but it does not witness the defect as expected behavior.","Kill Switch returns a bare 500 on a partial failure, discarding the counts of what was already revoked"
"S11-5","low","none","","","Confirmed none. Harness needed: an admin.Service whose Clients.SetStatus returns oauth.ErrClientNotFound (e.g. oauth.MemoryClientRegistry after Delete, or a stub) while Tokens is non-nil with live tokens, then assert RevokeTokens still runs and the endpoint is not a bare 500. An HTTP-level version would DELETE /v1/admin/clients/{id} so the row is gone, then POST kill_switch {""target"":""client"",...} and assert the tokens are revoked.","Kill Switch `client` target aborts before token revocation when the client row is gone, so its live tokens survive"
"S11-7","low","partial","internal/store/postgres/auditread_test.go","TestAdversarialAuditNoKeyPageCarriesTheAppliedLimit","No test asserts that loadKey misses are cached or that the hit and miss branches cost the same number of queries; the timing oracle described in the finding is entirely unasserted. Harness needed: an instrumented AuditLogger (or a fake pool / query counter) that counts audit_subject_keys lookups for repeated unknown subjects and asserts a bounded negative cache or uniform round trips, plus a timing-shape assertion if the oracle is to be pinned. DB-backed Postgres is needed for the real path.","Audit subject filter performs an uncached negative DB lookup per distinct subject and leaks 'has pseudonym key' timing"
"S11-8","low","partial","internal/httpapi/export_routes_test.go","TestExportAccountSaysCredentialsAreExcluded","No test asserts that sessions/issued tokens and the account's audit history are omitted, nor that the notice only disclaims credentials. Adding an audit section or audit_excluded/sessions_excluded notice fields would leave every export test green. Harness needed: assertions that the document's notice enumerates each excluded category (audit_excluded, sessions_excluded) or that the audit/session data is present, using the existing newBindEnv/export harness.","Account export claims to be everything held about the account but omits sessions, issued tokens and audit history, while the notice only disclaims credentials"
"S11-9","low","partial","internal/httpapi/admin_test.go","TestAdminRegisterListSuspendDelete","No test registers more than a handful of clients or asserts a page cap/pagination on the admin client list, so removing/adding a bound is invisible. Harness needed: register more clients than any cap (or assert absence of a cap deliberately) and check the response is bounded and that limit/cursor parameters are honoured; alternatively an in-package test over admin.Service.ListClients asserting a cap or cursor. Storage-backed variant would need Postgres.","GET /v1/admin/clients returns every client with no pagination or cap"
"S12-10","low","none","","","Needed: a Playwright test that page.route-fulfils a 200 with a shape missing `data` (e.g. {} for /v1/admin/clients or /v1/grants) and asserts the user sees a fixed recoverable message rather than +error.svelte rendering the raw JS TypeError; if the fix adds envelope validation in call(), add a case per indexed wrapper. Requires a built SPA (present) plus route interception, which the suite currently never uses.","Response shape validation is applied to only two endpoints; the rest throw inside render and expose the JS error via +error.svelte"
"S12-3","low","partial","web/e2e/login.spec.ts","a denied login started from the home page still explains itself","No test performs a SUCCESSFUL sign-in from a URL that already carries ?error=..., so nothing asserts whether the stale code is forwarded through return_to and re-raised in the signed-in view. Needed: park at /app/?error=access_denied, complete the real GitHub flow, and assert the signed-in account view shows no '登录没有完成'/'身份操作没有完成' alert and that the URL no longer carries error (as it would if the recommendation clears it with history.replaceState).","Stale ?error= is carried through SignIn return_to, so a later successful sign-in still reports failure"
"S12-4","low","partial","internal/auth/codes_test.go","TestLoginFailureCodesAreExplainedByTheFrontend","The default branch `登录没有完成（${code}）。` (+page.svelte:82), which echoes an attacker-chosen value into the branded danger Alert, is never exercised with an unrecognised code and has no length cap assertion. Needed: a Playwright test that loads /app/?error=<crafted/long string> and asserts the attacker string is NOT present in the rendered alert (a fixed sentence is shown) and that a huge value cannot be rendered; or a small unit test of authErrorMessage's default branch.","Attacker-controlled ?error= is rendered verbatim inside the branded failure alert"
"S12-5","low","partial","web/e2e/session.spec.ts","the account can export its data and then erase itself","The test cannot see the synchronous revoke because Playwright's download event fires from a.click()/the a.download attribute regardless of whether the blob URL is still readable, and no test returns an envelope without `profile`. Needed: (a) a route-interception test that fulfils /v1/account/export with `{}` or `{""data"":{}}` and asserts a recoverable ApiError('malformed_response') message instead of 'Cannot read properties of undefined (reading \'user_id\')', and (b) a unit test spying on URL.createObjectURL/revokeObjectURL ordering (revoke after the download macrotask).","Account export revokes the object URL synchronously and trusts an unvalidated profile field"
"S12-6","low","partial","web/e2e/identities.spec.ts","unlinking an identity can be backed out of","No focus assertion and no adversarial identifier. Needed: a browser test that cancels the unlink/disconnect confirmation and asserts the re-created trigger has focus (expect(trigger).toBeFocused()), plus a case where the identity/source id contains a quote or ']' (requires a test-controlled identifier) proving restoreFocus still returns focus instead of producing an unhandled SyntaxError from document.querySelector.","Focus restoration builds a CSS selector by string interpolation from server/config ids"
"S12-8","low","direct","internal/zzprobe/audit7/z08frontendbrowser/frontend_handler_test.go","TestZ08ShellIsRevalidatableWithoutRefetching","","SPA shell is sent with no cache validator, so Cache-Control: no-cache forces a full body transfer each load"
"S13-10","low","partial","oauth/tokens_sweep_test.go","TestMemoryStoreSweepKeepsTheMapsBounded","Needed: issue N codes/access/refresh/tombstones into MemoryStore, MemoryDeviceStore and MemoryClientRegistry with no SweepExpired call and assert they are all retained (or that a configured bound rejects/evicts), plus an assertion that no internal janitor/interval exists unless one is added.","oauth.MemoryStore / MemoryDeviceStore / MemoryClientRegistry have no cap and no in-process janitor"
"S13-11","low","partial","cmd/perfreport/main_test.go","TestComparePairsByNameAndFlagsRenames","Needed: a compare()/render() case with a baseline bench of samples {0} (and a mixed set) asserting no NaN/Inf delta or geomean — either a guarded 'n/a'/'new' result or an explicit finite value.","perfreport divides by the baseline median without a zero check, producing NaN/Inf deltas and a NaN geomean"
"S13-4","low","direct","internal/zzprobe/concurrency/store_lock_test.go","TestApproveDeviceHoldsTheStoreLockAcrossTheAuditWrite","","Device approve/deny call the synchronous audit sink while holding the OIDC store's global mutex"
"S13-6","low","direct","internal/compress/zz_audit9_1xx_status_test.go","TestAudit9InformationalStatusSwallowsTheFinalStatus","Needed: wrap a handler in compress.Handler that calls w.WriteHeader(http.StatusEarlyHints) and then w.WriteHeader(http.StatusOK), and assert the client/recorder sees 200. Today responseWriter latches wroteHeader on the 103 and drops the final 200, so such a test fails.","compress responseWriter swallows the final status after a 1xx header"
"S13-7","low","partial","internal/observability/observability_test.go","TestUnknownLabelValuesAreCollapsed","Needed: exercise federation_routes.go:320's verbatim upstream status (e.g. a raw-proxy source returning 900+n, and an out-of-range code) and assert the re0auth_http_requests_total status label is bounded/classed and that the recorded status equals what the client received after recovery. The statusRecorder panic on <100/>999 and the post-recover recorded status are also uncovered.","HTTP status metric label is not normalized and can be set from an upstream-controlled status"
"S13-8","low","partial","internal/observability/observability_test.go","TestInternalHandlerServesMetricsAndPprof","Needed: send /debug/pprof/profile?seconds=<very large> and concurrent profile/trace/heap requests to the internal handler and assert it clamps/rejects the request and bounds the number of concurrent profilers. Existing pprof tests only assert route presence.","pprof profile/trace endpoints accept unbounded seconds and have no concurrency or size cap"
"S13-9","low","partial","internal/httpapi/bodylimit_test.go","TestBodyLimitHandlesAnUndeclaredLength","Needed: POST a chunked body >64 KiB with no Content-Length to a /v1 JSON write endpoint (e.g. /v1/device/decision or an admin route) and assert the 413 problem shape; today those handlers map *http.MaxBytesError to 400 'malformed JSON body', and the io.LimitReader(1<<20) is dead. One shared JSON body helper asserting errors.As(*http.MaxBytesError) would cover all cited routes.","Oversized chunked JSON bodies surface as 400 'malformed JSON body' instead of the middleware's plane-shaped 413"
"S14-1","low","direct","internal/zzprobe/concurrency/store_lock_test.go","TestApproveDeviceHoldsTheStoreLockAcrossTheAuditWrite; TestDenyDeviceHoldsTheStoreLockAcrossTheAuditWrite","","memory.OIDCStore device decision holds the store-wide mutex across a durable audit write"
"S14-10","low","partial","oauth/scope_test.go","TestRegistryRejectsDuplicateAndMalformed; TestRegistryResolve; TestDefaultRegistryHasMVPScopes","Needs a race probe: start N goroutines calling Resolve/Descriptors/Get while one or more call Register after serving begins, run under -race; or an invariant/import guard (RWMutex present, Register under write lock). A plain -race run over the package cannot flag the defect because no test mutates a live registry.","oauth.Registry.Register mutates a map that Resolve/Get/Descriptors read without any lock"
"S14-4","low","partial","internal/zzprobe/audit6/z03crypto/binding_namespace_test.go","TestProbeBindingProviderNamespaceCollides","Needs a two-population scaling probe over MemoryBindingStore.List (perCall at N and kN of other users' bindings) with a flatness control, or an invariant/import probe asserting a per-user index exists and is maintained by Put/Delete. No existing test would fail if a per-user index were added.","federation.MemoryBindingStore.List has no per-user index: every account page scans all bindings under the read lock"
"S14-7","low","partial","internal/zzprobe/perf/memstore_test.go","TestMemStoreDevicePurgeIsPerInsert","The probe must assert, not skip: e.g. fail when the per-call cost is flat across populations while a flat control holds, or add a source/invariant assertion that StoreDeviceAuthorization does not call purgeExpiredDevicesLocked per insert. Also no test asserts an upper bound on the devices map.","memory.OIDCStore.StoreDeviceAuthorization purges expired devices with a full scan under the lock on every call"
"S14-8","low","partial","oauth/device_test.go","TestDeviceAuthorizationHappyPath; TestDeviceAuthorizationExpires; TestDeviceAuthorizationDecidedOnce","Needs a growth/leak probe: record N device authorizations (approved/denied/expired), then assert the store's population returns to zero after the expiry window via a sweep or delete-on-decision/consume. Such an assertion requires adding a SweepExpired/delete method (and a DeviceStore seam) first — the current interface exposes no way to observe or bound the population.","oauth.MemoryDeviceStore has no deletion path and no sweep, so device records grow without bound"
"S14-9","low","none","","","Harness needed: an httptest server whose httpapi.Config.Ready panics; issue one GET /readyz (recovered by the outer recoverer), then issue subsequent /readyz requests and assert they do not latch at 503 'checking' but re-run the probe or report the previous verdict. Requires the panic-recovery behavior in readinessCache.check that does not exist today.","readinessCache is not panic-safe: a panicking readiness probe latches /readyz to 503 'checking' forever"
"S15-10","low","none","","","No test inspects git file modes. The only script-related probes (internal/zzprobe/audit7/z13verify and z13deploycisupplychain) shell out to `git check-ignore`, run the scripts via `bash scripts/...` (never `./scripts/...`), or read them as text; internal/archtest/tooling_test.go runs `git ls-files -z` but only for filenames. Nothing runs `git ls-files -s` / `git ls-tree` or os.Stat().Mode(). Harness needed: an archtest that runs `git ls-files -s scripts/*.sh` (or git ls-tree HEAD scripts/) and asserts mode 100755 for every script whose first line is a shebang.","scripts/backup-keys.sh is committed mode 100644 while the documented invocation runs it directly"
"S15-11","low","partial","internal/archtest/workflows_test.go","TestReleaseShipsNpmAttribution","No test asserts the `dist` recipe copies the npm attribution JSON into the tar.gz/zip archives, which is the finding (the file is produced by a separate target that runs after `dist`; only the image gets it). The round-9 verifier states this is exactly why the gap passes the gate. Harness needed: parse the `dist` recipe and require it to copy dist/re0auth_${VERSION}_npm-attribution.json (or make `dist` depend on the attribution target and assert the archives contain it).","Release archives embed the built SPA but do not carry the npm attribution the image deliberately includes"
"S15-2","low","none","","","No test reaches the CI service-image tags. internal/archtest/workflows_test.go only validates remote `uses:` SHA pinning (and pnpm caching / permissions), and internal/archtest/dockerfile_test.go only validates Dockerfile FROM digests; nothing parses `jobs.*.services.*.image`. The round-9 verifier itself records this as unguarded (archtest covers `uses:` and Dockerfile bases, not services.image). Harness needed: a YAML-decode of every workflow asserting each service image carries @sha256:<digest>, or a mutation test proving the release gate turns red on a floating service tag.","CI/release-gate Postgres service image is a floating tag while every other image in the project is digest-pinned"
"S15-4","low","partial","internal/zzprobe/audit7/z13verify/z13verify_test.go","TestZ13VDockerignoreLeavesGitIgnoredSecretsInTheBuildContext","No test asserts `_audit`, AUDIT-ISSUES.md, `docs/`, or the key/cert shapes (*.pem/*.key/*.p12/*.crt/id_*) are excluded from the build context. The probe's scratchpad/go.work/*.out assertions now log 'already excluded' and carry no check for the new class. Harness needed: feed those exact paths (and a real tracked _audit file from `git ls-files _audit`) through the same matcher and require exclusion, or assert `COPY . .` was replaced by an explicit package list.",".dockerignore excludes scratchpad but not the live audit workspace or generic key shapes, so they enter the `COPY . .` build layer"
"S15-5","low","partial","internal/httpapi/clientaddr_test.go","TestClientAddrIgnoresForwardedForFromUntrustedPeer","No test reads deploy/k8s/base/configmap.yaml's `trusted_proxies = [""10.0.0.0/8""]`, and none asserts the pod-CIDR mismatch or a startup warning when the observed peer is outside the declared prefixes (cmd/re0auth/config.go only refuses an empty list). Harness needed: parse the shipped ConfigMap and link the literal to the clientAddr behavior, e.g. assert the ConfigMap's CIDR contains the pod network or that the loader warns on a peer outside TrustedProxies.","Base ConfigMap hardcodes trusted_proxies to 10.0.0.0/8; on a non-10/8 pod CIDR every client silently shares one rate-limit bucket"
"S15-6","low","partial","internal/zzprobe/audit7/z13deploycisupplychain/z13_test.go","TestZ13ReleasePushesTheReleaseTagBeforeTheScan","CORRECTED from direct to partial. Applying the finding's recommendation (scan before push / gate the push) turns this test GREEN, so it does not pin the described defect: on the current tree it is simply red because release.yml:64-80 does push first. Same shape as the explicitly downgraded red probes in _audit/round9/coverage/S10.json and S11.json ('applying that fix turns it GREEN rather than red: per the direct criterion it does not lock in the defect and is partial'). It remains a valid regression guard against re-introducing the push-before-scan ordering, but it is not a defect-pinning test, and the audit7 package is not executed by CI.","Release image is pushed under its release tag before the Trivy gate runs; only `latest` is withheld"
"S15-7","low","partial","internal/zzprobe/audit7/z13deploycisupplychain/z13_test.go","TestZ13ReleasePushesTheReleaseTagBeforeTheScan","Nothing asserts the scan step's `run:` block is free of `-v /var/run/docker.sock:/var/run/docker.sock`, nor that the job's packages:write/id-token:write scopes are separated from the daemon-socket mount. Harness needed: a textual/YAML assertion over the Trivy step that the docker socket is not mounted, plus a control that a re-added `-v /var/run/docker.sock...` line makes the gate fail.","Trivy scan runs with the host Docker socket mounted inside a job holding packages:write and id-token:write"
"S15-8","low","partial","internal/observability/artifacts_test.go","TestAlertRulesReferenceDeclaredMetrics","No test asserts the three generic-metric rules (Re0AuthGoroutineLeak / Re0AuthMemoryHigh / Re0AuthFileDescriptorsHigh) carry a job/instance selector or are scoped to Re0Auth targets, which is the finding. Harness needed: extend the rules parse to require each alert whose expr names go_*/process_* to carry a selector such as {job=~""re0auth.*""}.","Three alert rules keyed on generic go_*/process_* metrics carry no job selector and can fire on unrelated targets"
"S15-9","low","none","","","No test reads deploy/k8s/base/namespace.yaml. internal/archtest/k8s_test.go parses the base and backup YAML but asserts only Deployment/Service/PDB/NetworkPolicy/ServiceAccount kinds, probes, resources, the pod/container securityContext, and the backup manifests; the Namespace document itself is never loaded (readYAMLDocs sees it in `kinds` but no assertion names it). Harness needed: YAML-parse namespace.yaml and assert pod-security.kubernetes.io/enforce (and audit/warn) = restricted.","Namespace has no Pod Security Admission labels, so the hardened pod spec is not enforced as a precondition"
"S01-13","info","direct","internal/httpapi/bodylimit_test.go","TestBodyLimitHandlesAnUndeclaredLength","","The declared-length pre-check is the only path to 413; a chunked body over the cap surfaces as a 400 malformed-form instead"
"S02-11","info","partial","internal/oidchttp/oidchttp_test.go","TestConsentInteraction","Missing: deny an authorization on a Handler created with Config.Issuer=="""" and assert the denial redirect carries (or, per the finding, omits) iss of the request host. The existing TestConsentInteraction already runs in that shape but never checks iss, so a one-line assertion there would close it. Info (latent: cmd/re0auth requires a non-empty issuer).","DenyAuthorization uses the static issuer only, so a dynamic-issuer deployment emits a denial without the RFC 9207 iss parameter"
"S02-5","info","direct","internal/zzprobe/protocol/seam_test.go","TestProbeDiscoveryIsCachedFromTheFirstRequestsHost","","Discovery documents are cached for the process lifetime while the issuer is derived per request from Host"
"S05-10","info","partial","internal/httpapi/adversary_test.go","TestAdversarialBindCallbackRejectsAnotherAccount","No test asserts the specific ordering defect: the flow is Consumed before flow.User != user is checked (bind.go:158-164). TestCompleteBindRejectsWrongUser does not re-check the flow after the mismatch, and the HTTP test fails only if the handler mitigation is removed, not if CompleteBind is reordered. Harness needed: BeginBind as A, call CompleteBind as B directly, assert ErrBindUser AND that A can still CompleteBind successfully (or that the flow is still present); this currently fails because Consume deleted it.","CompleteBind consumes the flow before the owner check (cross-account DoS), mitigated by the HTTP handler"
"S05-9","info","partial","internal/federation/bind_test.go","TestMemoryBindFlowStoreSweepsExpiredFlows","No test wires Config.Now to a logical clock and then compares SweepExpired's removals against CompleteBind's expiry enforcement (which uses s.now()). The existing test passes unchanged whether SweepExpired uses time.Now() or an injected clock, and only uses the wall-clock-relative lifetimes where the two clocks agree. Harness needed: a service with Config.Now set to a fixed logical time, flows started by BeginBind, and a direct SweepExpired call, asserting the flow set the sweeper removes matches the set CompleteBind would reject.","MemoryBindFlowStore.SweepExpired uses time.Now instead of the service clock"
"S06-11","info","direct","internal/safeurl/safeurl_test.go","TestRelativePath","","safeurl.RelativePath resists scheme-relative, backslash and control-byte escapes; percent-encoded and dot-segment forms cannot change origin"
"S07-11","info","partial","vault/zzprobe_crypto_test.go","TestProbeAADIsInjective","No boundary test; a literal 4 GiB string is impractical. Cheaper harness: refactor the prefix write behind a small helper taking lengths, or (if bindingAAD gains an error return) add a unit case rejecting len > math.MaxUint32; otherwise document that no test can reach the truncation.","bindingAAD truncates identity lengths to uint32 before length-prefixing"
"S07-4","info","none","","","No test constructs a Repo whose Get returns a Record with rec.Identity != the requested id. vault/service_test.go TestCiphertextBindsIdentity tampers with rec.Identity but re-Puts and re-Gets through MemoryRepo, so the returned Identity always equals the requested one; Use's choice of AAD source (requested id vs rec.Identity) is unobservable and the test would still pass if Use switched to rec.Identity. TestProbeEnvelopeAADPreventsMovingACiphertext and internal/zzprobe/audit6/z03crypto/use_aad_test.go TestProbeAADRejectsRowTransplants are the same shape (row transplant, identity unchanged), and the hookRepo Get overrides in internal/zzprobe/{crypto,verifycrypto} delegate straight to the inner repo. Harness needed: a stub vault.Repo whose Get(id) returns a record sealed under a different Identity and whose Rotate/ListPage are delegated; assert Use derives the AAD from rec.Identity (and/or returns an explicit identity-mismatch error) so Use and Rotate agree.","Use builds the AEAD AAD from the requested identity while Rotate builds it from the stored record identity"
"S07-7","info","partial","taptapoauth/client_test.go","TestUpstreamErrorTextIsBounded","No control-character assertion. Harness needed: upstream success:false with data.error_description containing \x1b[2J / \x1b[31m / NUL / other non-printable runes; assert err.Error() (and the text an operator would slog) contains only printable runes, so boundDetail's CR/LF-only replacement is caught.","taptapoauth bounds upstream error text for logs but only strips CR/LF, leaving other control characters"
"S07-8","info","partial","tapsign/client_test.go","TestVerifyOK","Missing nil-response guard test. Harness needed: since newClient accepts any httpclient.Doer, inject a stub Doer returning (nil, nil) and (&http.Response{StatusCode: 200, Body: nil}); assert Verify/Rotate/Revoke and taptapoauth Poll return an error instead of panicking (i.e. drain/StatusCode/Close mirror httpclient.drain's resp==nil || resp.Body==nil guards).","tapsign.drain and the response handling dereference resp and resp.Body without a nil check"
"S07-9","info","none","","","No test asserts CreatedAt semantics on re-enroll. vault/service_test.go TestEnrollReplacesExisting only asserts the replaced plaintext is readable; no vault test reads Record.CreatedAt at all (repo-wide grep for CreatedAt in _test.go hits only internal/store/postgres/postgres_test.go TestVaultRepoRoundTrip/TestVaultListIsOrderedAndComplete, which round-trip a single Put, internal/store/postgres/erasure_test.go, and a comment in internal/zzprobe/verifycrypto/zzprobe_p11p12_test.go). TestVaultPutReplacesAndDeleteIsIdempotent re-Puts the same identity but never inspects CreatedAt. Harness needed: enroll an identity, capture CreatedAt (or inject an advancing clock), re-enroll, and assert the original CreatedAt survives -- or explicitly pin the documented 'CreatedAt means last write' semantics.","Re-enrolling a credential overwrites CreatedAt, discarding the original creation time"
"S09-10","info","partial","internal/store/postgres/oidc_test.go","TestOIDCGrantsAndRevoke","No test asserts the source of oidc_access_tokens/oidc_refresh_tokens.issued_at. Harness needed: openTestDBWith(DefaultPoolOptions(), WithClock(skewedClock)) (the fixture clock_test.go already uses), mint tokens, read issued_at back via Grants/a raw query, and require it within about a second of the store clock rather than the database's now(); a second replica/clock-skew variant would pin the cross-replica ordering claim.","OP token issued_at is written by the database's now(), not the store clock the rest of OIDCStore uses"
"S09-4","info","partial","internal/store/postgres/oauth_refresh_family_guard_test.go","TestTokensConsumeRefreshConsultsTheTombstone","No test asserts that an already-expired oauth_refresh_tokens row is not claimed (RFC-mandated invalid_grant / ErrTokenNotFound without a tombstone). Harness needed: SaveRefresh with ExpiresAt in the past, call Tokens.ConsumeRefresh, and assert the row survives or that no already-expired tombstone is written and no destructive claim occurred; equivalently extend the source guard to require `AND expires_at > $2` in the live DELETE.","ConsumeRefresh claims expired values (no expires_at predicate) although the Store contract says ""live"", unlike the OP store's rotation claim"
"S10-4","info","partial","internal/httpapi/breach_test.go","TestBusinessResponsesNeverCarryASecretBesideEchoedInput","No test pins the compression state of the secret-bearing business responses, so adding Cache-Control: no-transform to /v1/sessions/current or /v1/device/verification (the recommended fix) would leave every existing test green. Needed: a test that asserts the actual nosniff/no-transform behaviour for these endpoints, e.g. GET /v1/sessions/current with Accept-Encoding gzip and a session cookie must NOT return Content-Encoding gzip/zstd (and Vary must not advertise Accept-Encoding), plus a positive control showing an ordinary large business response still compresses; alternatively assert that the CSRF-bearing handler sets no-transform so the compressor's skip signal is exercised.","Business-plane responses carrying the session CSRF token are compressed (BREACH-style compression oracle)"
"S10-5","info","partial","internal/zzprobe/audit7/z15performancecapacity/performance_probe_test.go","TestZ15RateLimiterCheckAllocatesNothing","No test is RED while the described allocation is present, so there is no direct confirmation oracle for the finding's claim; the only related test is an invariant-direction zero-allocation guard that asserts the opposite. A test that truly pins the described defect would assert allocs > 0 (or that the reservation escapes) on the tracked-key path and fail today. Note verify/S10.json rejects the finding empirically (0 allocs/op for both Check and a raw ReserveN sequence), so such a red test cannot be written against this build.","Limiter.Check heap-allocates a *rate.Reservation on every request"
"S12-11","info","partial","internal/webui/webui_test.go","TestHandlerServesFilesAndFallsBackToShell","Needed: an allocation/bench test over GET /app/_app/immutable/... (e.g. testing.Benchmark with ReportAllocs) or a stat-counting decorator around the fs.FS passed to Handler that asserts one stat + one open per request. Handler currently takes a bare fs.FS, so the harness is to wrap it with a counting fs.FS and assert the count; no such test or benchmark exists in internal/webui.","Every asset request performs three embedded-FS stats"
"S12-12","info","partial","web/e2e/consent.spec.ts","signing in from consent returns to the pending request","No test gives provider.start_url a fragment, so the string-concatenation placement of return_to after '#...' (SignIn.svelte:50-52) is unverified. Needed: a deployment/fake whose provider start_url carries a fragment, then a browser test asserting return_to still reaches the server and the pending consent/device task survives; or a unit test of begin()'s URL construction comparing it with new URL(start_url, origin).searchParams.set('return_to', ...).","SignIn appends return_to after a URL fragment, unlike the equivalent link() path"
"S12-2","info","none","","","The dev root redirect (vite.config.ts:27-28) has no coverage at all. Harness needed: extract the plugin's configureServer middleware (or refactor it into an exported function) and call it with mock req/res/next for target '/?error=access_denied', asserting a 302 to /app/?error=access_denied and that next() is not called; or boot a vite dev/connect server in a Node test and GET the URL. web/package.json configures no Node test runner (only Playwright against the built SPA), so a new harness is required.","Dev root redirect does not match a request that carries a query string"
"S12-7","info","partial","web/e2e/sources.spec.ts","a source can be connected, used, and disconnected","The O(available x bindings) rescan cost is unverified. Needed: a benchmark or a browser test with a large injected catalogue/binding set (page.route-fulfil /v1/sources and /v1/bindings with e.g. 1k entries) that pins per-render work - e.g. a unit test of a derived Map/Set with a counting resourcesFor/key, or a timing budget on repeated cancel/confirm clicks. No unit-test harness exists for the Svelte page.","Sources page re-runs O(available x bindings) scans on every reactive invalidation"
"S12-9","info","none","","","Needed: a Playwright test that page.route-fulfils a GET endpoint with 503 (optionally Retry-After), lets the client retry to success, and proves the first response body was released - e.g. by forcing a fresh connection (Connection: close on the 503) and asserting the socket/connection count, or a unit test with a mocked fetch spying on Response.body.cancel()/arrayBuffer(). No test harness for either exists.","Retried responses are discarded without draining or cancelling the body"
"S14-11","info","none","","","Harness needed: an injectable provider/panic seam in oidchttp (or a test-only ServeHTTP wrapper) that panics inside serveOAuth after bw is acquired, plus a pool-observation hook (count of outstanding writers / re-acquire identity) to assert releaseBufferedWriter runs. Requires exposing pool state the package does not currently export.","oidchttp.serveOAuth can leak a pooled bufferedWriter on panic because release is not deferred"
"S14-12","info","direct","internal/federation/refresh_test.go","TestConcurrentRefreshHappensOnce","","federation.refreshBinding's row-then-secret write order is deliberately protected by the per-binding lock (suspicious but mitigated)"
"S15-12","info","partial","internal/archtest/k8s_test.go","TestBackupWorkloadIsSafeToLeaveRunning","No test asserts whether the in-cluster dump is age-encrypted or that BACKUP_AGE_RECIPIENT has no path in the CronJob — the defect is untested (it is a documented/accepted decision per docs/operations.md:125-126, so this is a coverage gap rather than a failing gate). Harness needed: assert the cronjob script either contains an age step writing *.dump.age or carries an explicit documented acknowledgement assertion.","Backup CronJob writes plaintext database dumps; no age encryption path is wired, unlike scripts/backup.sh"
"S15-13","info","none","","","No _test.go reads .gitleaks.toml (repo-wide grep: the only references are the CI action in ci.yml's secrets job, docs prose, and the audit reports). The only gitleaks usage in the project is the CI action (ci.yml secrets job) and prose in docs; internal/archtest covers .golangci.yml (gosec allowlist), CODEOWNERS, workflows and the Dockerfile, not the secrets-scanner config. Harness needed: an archtest that parses .gitleaks.toml and asserts every [[allowlists]] block is anchored (^docs/security-audit-[0-9]+\.md$) or scoped with `condition = ""AND""` plus a specific regex, and turns red when the unanchored form is restored.",".gitleaks path allowlist exempts any file matching docs/security-audit-<n>.md from every rule"
