"Id","Final","St","Orig","Cat","Title","Loc"
"S01-1","medium","downgraded","high","security","An approved device_code is redeemable repeatedly: every poll mints a fresh token pair instead of consuming the device authorization","oauth/device.go:302-308;oauth/device.go:269-309"
"S01-10","low","confirmed","low","security","Client secrets are stored as an unsalted SHA-256 digest, so a weak config-file secret is off-line crackable if the store leaks","oauth/client.go:99-105;oauth/client.go:107-114;cmd/re0auth/main.go:1634-1643"
"S01-11","low","confirmed","low","performance","MemoryStore serialises all token operations on one Mutex and scans every record under the lock, so account-page reads and sweeps block token introspection","oauth/tokens.go:263-273;oauth/tokens.go:298-328;oauth/grants.go:157-221"
"S01-12","low","confirmed","low","correctness","Store reads return struct copies whose Scopes slices alias the stored backing array, so a caller mutating a returned record corrupts stored authorization state","oauth/tokens.go:373-382;oauth/tokens.go:341-349;oauth/tokens.go:421-429;oauth/as.go:370-376"
"S01-13","info","confirmed","info","correctness","The declared-length pre-check is the only path to 413; a chunked body over the cap surfaces as a 400 malformed-form instead","oauth/bodylimit.go:27-34;upstreamkit/server.go:162-169;upstreamkit/server.go:242-246"
"S01-2","medium","confirmed","medium","reliability","MemoryDeviceStore never prunes pending/decided device records and exposes no sweep API, so device authorizations grow unbounded","oauth/device.go:139-163;oauth/device.go:224-247;oauth/as.go:57-59"
"S01-3","medium","confirmed","medium","correctness","MemoryStore.ConsumeRefresh ignores the tombstone deadline, so expired spent refresh values still trigger family revocation while the Postgres store correctly reports them unknown","oauth/tokens.go:440-450;oauth/tokens.go:248-261;oauth/as.go:264-283;internal/store/postgres/oauth.go:269-284"
"S01-4","low","confirmed","low","reliability","Token issuance is not atomic: a failure after SaveAccess leaves a live, undeliverable access token in the store","oauth/as.go:405-432;oauth/as.go:388-423"
"S01-5","low","confirmed","low","security","Client authentication tells an unknown client apart from a wrong secret, contradicting the kit's stated indistinguishability requirement","oauth/as.go:437-448;upstreamkit/server.go:339-345"
"S01-6","medium","confirmed","medium","security","AuthenticateClient treats public clients as always authenticated, so the cascade-revocation gate does not actually gate public clients","oauth/as.go:437-448;oauth/as.go:89-92;upstreamkit/server.go:330-357"
"S01-7","low","confirmed","low","correctness","RotateSecret accepts a hash of any length while RestoreClient demands sha256.Size, so a bad rotation silently locks a confidential client out","oauth/client.go:415-432;oauth/client.go:124-145;oauth/client.go:107-114"
"S01-8","low","confirmed","low","correctness","Revoke cannot reach a spent refresh token's tombstone: the documented DeleteRefresh tombstone-clear is unreachable and RFC 7009 revocation of a rotated token is a false success","oauth/as.go:311-345;oauth/tokens.go:393-405;oauth/tokens.go:453-464"
"S01-9","low","confirmed","low","reliability","Audit failures are silently discarded, so reuse detection, revocation and failed exchanges can go unrecorded","oauth/as.go:451-459"
"S02-1","high","confirmed","high","security","prompt=login / max_age never re-authenticate: the OP fabricates a fresh auth_time instead","internal/oidcstore/oidcstore.go:226;internal/oidchttp/oidchttp.go:1006;internal/store/memory/oidc.go:1274;internal/store/postgres/oidc.go:1269"
"S02-10","low","confirmed","low","reliability","No length cap on state, nonce (or other authorize parameters) at the entrance, unlike PKCE, request-id and handle ids","internal/oidchttp/oidchttp.go:934;internal/oidchttp/oidchttp.go:1046;internal/oidchttp/oidchttp.go:1416"
"S02-11","info","confirmed","info","correctness","DenyAuthorization uses the static issuer only, so a dynamic-issuer deployment emits a denial without the RFC 9207 iss parameter","internal/oidchttp/oidchttp.go:1794;internal/oidchttp/oidchttp.go:1444"
"S02-2","medium","confirmed","medium","correctness","prompt=none with a live session redirects into the interactive consent UI instead of returning consent_required","internal/oidchttp/oidchttp.go:991;internal/oidchttp/oidchttp.go:995;cmd/re0auth/main.go:1341"
"S02-3","medium","confirmed","medium","correctness","Device authorization endpoint refuses spec-compliant Basic secrets: id is form-unescaped, secret is not","internal/oidchttp/oidchttp.go:1114;internal/oidchttp/oidchttp.go:1152;internal/oidchttp/oidchttp.go:1175"
"S02-4","medium","confirmed","medium","security","ValidateSigner enforces the 2048-bit floor on the current key only, not on retired keys published in the JWKS","internal/oidcstore/oidcstore.go:62;internal/oidcstore/oidcstore.go:69;internal/oidcstore/oidcstore.go:73"
"S02-5","info","downgraded","low","security","Discovery documents are cached for the process lifetime while the issuer is derived per request from Host","internal/oidchttp/oidchttp.go:294;internal/oidchttp/oidchttp.go:300;internal/oidchttp/oidchttp.go:193"
"S02-6","low","confirmed","low","correctness","Protocol-plane 405 responses omit the mandatory Allow header","internal/oidchttp/oidchttp.go:478;internal/oidchttp/oidchttp.go:256;internal/oidchttp/oidchttp.go:263"
"S02-7","low","confirmed","low","correctness","Discovery rewrite mutates URL.Path but not RawPath, so a percent-encoded RFC 8414 alias 404s instead of serving the OIDC document","internal/oidchttp/oidchttp.go:255;internal/oidchttp/oidchttp.go:300;internal/oidchttp/oidchttp.go:46"
"S02-8","low","confirmed","low","reliability","Handler.Introspect collapses a store outage into Active=false, reporting infrastructure failure to /v1 as an invalid token","internal/oidchttp/oidchttp.go:1677;internal/oidchttp/oidchttp.go:1664"
"S02-9","low","confirmed","low","performance","Every successful token response is fully JSON-decoded and re-encoded by sanitizeTokenResponse","internal/oidchttp/oidchttp.go:1538;internal/oidchttp/oidchttp.go:670;internal/oidchttp/oidchttp.go:761"
"S03-1","high","confirmed","high","performance","Unbounded caller-controlled return_to persisted in the server-side session","internal/auth/auth.go:612;internal/auth/auth.go:616;internal/auth/auth.go:289;internal/safeurl/safeurl.go:34"
"S03-10","low","confirmed","low","reliability","Kill Switch session revocation is unbounded and not atomic","internal/store/postgres/sessions.go:198;internal/store/postgres/sessions.go:202;internal/store/postgres/sessions.go:216"
"S03-11","low","confirmed","low","correctness","core.App.Remove races with an in-flight load, allowing a removed fiber to be marked active without its scope","internal/core/app.go:99;internal/core/app.go:105;internal/core/app.go:334"
"S03-2","low","downgraded","medium","security","SignIn leaves an authenticated session outside the SessionIndex when RenewToken fails","internal/auth/auth.go:161;internal/auth/auth.go:166;internal/auth/auth.go:177"
"S03-3","low","downgraded","medium","security","EndSession forgets the session index before destroying the session, so a failed sign-out leaves an unrevocable live session","internal/auth/auth.go:210;internal/auth/auth.go:212;internal/auth/auth.go:216"
"S03-4","low","downgraded","medium","correctness","Concurrent first login of the same identity is reported as signup_failed instead of retrying the lookup","internal/auth/auth.go:713;internal/auth/auth.go:714;internal/auth/auth.go:716"
"S03-5","low","confirmed","low","reliability","Session referencing a missing account answers 500 instead of tearing the session down","internal/httpapi/session_routes.go:27;internal/httpapi/session_routes.go:29;internal/httpapi/identity_routes.go:26;internal/httpapi/export_routes.go:64"
"S03-6","low","confirmed","low","security","Admin authorization trusts the session claim without re-checking that the account still exists","internal/httpapi/admin_routes.go:62;internal/httpapi/admin_routes.go:67;internal/httpapi/server.go:305"
"S03-7","low","confirmed","low","performance","MemoryStore.Identities scans every identity in the process and holds the lock for the whole scan","internal/account/account.go:231;internal/account/account.go:281;internal/account/account.go:283"
"S03-8","low","confirmed","low","performance","Postgres Identities uses an EXISTS round trip before the real SELECT","internal/store/postgres/account.go:236;internal/store/postgres/account.go:244"
"S03-9","low","confirmed","low","correctness","clearFlow does not remove the OIDC nonce from the session","internal/auth/auth.go:44;internal/auth/auth.go:737;internal/auth/auth.go:739"
"S04-1","medium","downgraded","high","security","Enabled device authorization is never consumed: one device_code mints unlimited token pairs and silently undoes a grant revocation","oauth/device.go:302-309;oauth/device.go:124-137;oauth/grants.go:128-137"
"S04-2","low","downgraded","medium","security","BeginDeviceAuthorization does not authenticate confidential clients, allowing anonymous device requests that impersonate a trusted client on the consent screen","oauth/device.go:224-228;oauth/device.go:415-419;oauth/device.go:437-448"
"S04-3","low","downgraded","medium","performance","MemoryDeviceStore never expires anything: device authorizations accumulate for the process lifetime","oauth/device.go:140-163;oauth/device.go:224-247"
"S04-4","low","downgraded","medium","performance","Grants page scans every token in the process under the store's single mutex (no subject index in the in-memory store)","oauth/grants.go:158-180;internal/httpapi/grants_routes.go:31-43"
"S04-5","low","confirmed","low","correctness","freeUserCode treats every store error as a collision and checks uniqueness non-atomically","oauth/device.go:432-443;oauth/device.go:155-163"
"S04-6","low","confirmed","low","correctness","slow_down is returned before the terminal device status, and the advertised interval is truncated","oauth/device.go:289-307;oauth/device.go:252-255"
"S04-7","low","confirmed","low","reliability","Consent decision conflates store failures with an expired authorization request","internal/httpapi/authorization_routes.go:97-101;internal/httpapi/authorization_routes.go:151-155;internal/httpapi/authorization_routes.go:159-166;internal/httpapi/authorization_routes.go:173-183"
"S04-8","low","confirmed","low","correctness","Registry.Register mutates the scope map without synchronization while Get/Resolve read it concurrently","oauth/scope.go:183-197;oauth/scope.go:199-213;oauth/scope.go:217-235"
"S04-9","low","confirmed","low","correctness","Device authorization accepts an empty scope set and issues a scope-less token pair","oauth/device.go:224-228;oauth/device.go:373-386;oauth/device.go:308"
"S05-1","medium","confirmed","medium","reliability","Refresh rejection classifies every 400/401/403 as a dead grant and crypto-shreds the binding","internal/federation/refresh.go:170;internal/federation/refresh.go:179;internal/federation/refresh.go:142"
"S05-10","info","downgraded","low","security","CompleteBind consumes the flow before the owner check (cross-account DoS), mitigated by the HTTP handler","internal/federation/bind.go:158;internal/federation/bind.go:163;internal/httpapi/federation_routes.go:410"
"S05-2","medium","downgraded","high","security","CompleteBind bypasses the per-binding keyed lock, so a completing bind can resurrect a row and secret after Unbind or account erasure","internal/federation/bind.go:157;internal/federation/bind.go:192;internal/federation/bind.go:198;internal/federation/unbind.go:50;internal/federation/killswitch.go:200"
"S05-3","low","downgraded","medium","performance","MemoryBindingStore.List pre-allocates for the whole deployment and ListAllPage re-sorts the whole map on every page","internal/federation/binding.go:219;internal/federation/binding.go:262;internal/federation/binding.go:255"
"S05-4","low","downgraded","medium","performance","MissingBindings is O((sources x resources)^2) with a copy+sort per candidate lookup","internal/federation/missing.go:65;internal/federation/missing.go:70;internal/federation/missing.go:74"
"S05-5","low","confirmed","low","correctness","NewRegistry validates RawBase and token_class but not Status, so an unrecognized status is fail-open","internal/federation/federation.go:162;internal/federation/federation.go:173;internal/federation/federation.go:637"
"S05-6","low","confirmed","low","security","Source.Issuer and endpoint overrides are not validated as absolute http(s), unlike RawBase","internal/federation/federation.go:144;internal/federation/federation.go:151;internal/federation/bind.go:150;internal/federation/bind.go:235"
"S05-7","low","confirmed","low","correctness","BeginBind and CompleteBind accept a retired source that the rest of the plane refuses","internal/federation/bind.go:127;internal/federation/bind.go:171;internal/federation/service.go:637"
"S05-8","low","confirmed","low","security","revokeUpstream logs a vault error that can embed the raw subject identity","internal/federation/unbind.go:124;vault/service.go:309"
"S05-9","info","confirmed","info","correctness","MemoryBindFlowStore.SweepExpired uses time.Now instead of the service clock","internal/federation/bind.go:112;internal/federation/bind.go:144;internal/federation/bind.go:165"
"S06-1","high","confirmed","high","security","OIDC discovery and JWKS fetches read an unbounded upstream body (go-oidc io.ReadAll) while the adapter's own 1 MiB cap does not apply","idp/idp.go:298;idp/idp.go:711;idp/idp.go:836"
"S06-10","low","confirmed","low","security","SocialLogin stores and echoes return_to without safeurl.RelativePath validation","referencesource/social.go:108;referencesource/social.go:189"
"S06-11","info","confirmed","info","security","safeurl.RelativePath resists scheme-relative, backslash and control-byte escapes; percent-encoded and dot-segment forms cannot change origin","internal/safeurl/safeurl.go:34"
"S06-2","medium","confirmed","medium","security","DenyPrivateAddresses is applied to the proxy address, not the target, whenever an HTTP(S) proxy is configured in the environment","httpclient/outbound.go:92;httpclient/outbound.go:95;httpclient/outbound.go:42"
"S06-3","medium","confirmed","medium","performance","oidcProvider holds providerMu across a network discovery round trip, and a failed discovery is not cached, so a dead issuer serializes every concurrent login","idp/idp.go:705;idp/idp.go:711;idp/idp.go:713"
"S06-4","medium","confirmed","medium","performance","SocialLogin.states is an unbounded map swept in O(n) on every unauthenticated start request","referencesource/social.go:102;referencesource/social.go:104;referencesource/social.go:193"
"S06-5","medium","confirmed","medium","performance","TapTapLogin.attempts is an unbounded map with an O(n) sweep per challenge, reachable unauthenticated","referencesource/taptap.go:124;referencesource/taptap.go:126;referencesource/taptap.go:258"
"S06-6","low","confirmed","low","reliability","Conformance runner leaks the response body of a non-200 metadata document (never closed)","upstreamkit/conformance/conformance.go:211;upstreamkit/conformance/conformance.go:212;upstreamkit/conformance/conformance.go:216"
"S06-7","low","confirmed","low","correctness","A partial AuthURL/TokenURL override on a discovered OIDC provider is silently discarded","idp/idp.go:505;idp/idp.go:507;idp/idp.go:520"
"S06-8","low","confirmed","low","reliability","Injected RegistryConfig.HTTPClient may have no timeout, and go-oidc's JWKS fetch is context.WithoutCancel'd, so a hung IdP can pin a login goroutine","idp/idp.go:287;idp/idp.go:751;idp/idp.go:648"
"S06-9","low","confirmed","low","security","federation.NewService's Doer-only fallback builds an outbound client with the SSRF guard off","internal/federation/service.go:376;httpclient/outbound.go:304"
"S07-1","medium","confirmed","medium","security","Credential-bearing outbound requests rely entirely on the injected Doer for redirect policy; custom auth headers are copied to cross-host redirect targets by net/http","tapsign/client.go:114;tapsign/client.go:115;tapsign/client.go:125;taptapoauth/client.go:195"
"S07-10","low","confirmed","low","reliability","tapsign.Rotate returns the replacement token together with an audit error, inviting callers to discard a token that is now the only live credential","tapsign/client.go:60;tapsign/client.go:197"
"S07-11","info","confirmed","info","security","bindingAAD truncates identity lengths to uint32 before length-prefixing","vault/envelope.go:148;vault/envelope.go:150"
"S07-2","medium","confirmed","medium","reliability","vault.Enroll persists the credential before writing its audit event, so an audit failure returns an error for a write that already happened and leaves an un-audited (and in federation, orphaned) secret","vault/service.go:245;vault/service.go:259"
"S07-3","low","confirmed","low","performance","MemoryRepo.ListPage reloads clones and re-sorts the entire store on every page, making a rotation O(N^2 log N) with N clones per page","vault/repo.go:229;vault/repo.go:233"
"S07-4","info","downgraded","low","correctness","Use builds the AEAD AAD from the requested identity while Rotate builds it from the stored record identity","vault/service.go:300;vault/rotate.go:104"
"S07-5","low","confirmed","low","reliability","taptapoauth accepts upstream-controlled interval and expires_in without an upper bound or overflow guard","taptapoauth/client.go:96;taptapoauth/client.go:100"
"S07-6","low","confirmed","low","security","tapsign.Verify performs a credential-bearing upstream call with no audit record","tapsign/client.go:44;tapsign/client.go:40"
"S07-7","info","downgraded","low","security","taptapoauth bounds upstream error text for logs but only strips CR/LF, leaving other control characters","taptapoauth/client.go:337;taptapoauth/client.go:338"
"S07-8","info","downgraded","low","reliability","tapsign.drain and the response handling dereference resp and resp.Body without a nil check","tapsign/client.go:224;tapsign/client.go:48"
"S07-9","info","downgraded","low","correctness","Re-enrolling a credential overwrites CreatedAt, discarding the original creation time","vault/service.go:244;vault/service.go:253"
"S08-1","medium","downgraded","high","security","Vault KEK resolution hardcodes RE0AUTH_KEK ahead of vault.kek_env, silently ignoring a renamed key","cmd/re0auth/config.go:729-743;cmd/re0auth/config.go:471;scripts/backup-keys.sh:74-77"
"S08-2","high","confirmed","high","correctness","storage.dsn_env is never resolved when driver is inferred in the config loading logic","cmd/re0auth/config.go:680-710;cmd/re0auth/config.go:472;cmd/re0auth/config.go:722-724;cmd/re0auth/config.go:749-759;cmd/re0auth/main.go:892-917"
"S08-3","low","downgraded","medium","correctness","DeleteAccount writes an outcome=ok record claiming the pseudonym key was destroyed before Destroy runs, and the correcting record is best-effort","internal/lifecycle/lifecycle.go:262-271;internal/lifecycle/lifecycle.go:277-291;internal/lifecycle/lifecycle.go:299-302"
"S08-4","medium","confirmed","medium","correctness","DeleteAccount reports success and writes outcome=ok when the binding sweep has Failed>0 local removals","internal/lifecycle/lifecycle.go:200-206;internal/lifecycle/lifecycle.go:313-315;internal/federation/killswitch.go:140-146;internal/federation/killswitch.go:180-183"
"S08-5","low","downgraded","low","security","Universal trusted-proxy list check only matches a single /0 prefix, so two /1 entries bypass the acknowledgement","cmd/re0auth/config.go:1016-1023;cmd/re0auth/config.go:589-601"
"S08-6","low","confirmed","low","security","-print-secret-env echoes whatever is in an *_env name slot verbatim, disclosing a value pasted into the wrong field","cmd/re0auth/config.go:424-431;cmd/re0auth/config.go:441-445;cmd/re0auth/main.go:276-290"
"S08-7","low","confirmed","low","reliability","Graceful-shutdown drain budget (30s) is shorter than dataPlaneTimeout (45s), so shutdown cuts the request the design says must get a readable refusal","cmd/re0auth/main.go:128;cmd/re0auth/main.go:116-150;cmd/re0auth/main.go:854-866"
"S08-8","low","confirmed","low","correctness","An explicitly configured max_upstream_buffer_bytes = 0 is silently replaced by the 64 MiB default","cmd/re0auth/config.go:553-571;cmd/re0auth/main.go:523;internal/federation/service.go:382-383"
"S08-9","low","confirmed","low","security","A custom OIDC provider's issuer is not required to be https, so the token exchange can run in cleartext","cmd/re0auth/config.go:855-890;idp/idp.go:530-548"
"S09-1","medium","confirmed","medium","security","DSN (with password) can reach logs on the migration-down path: withMigrationLock never redacts the driver's parse error","internal/store/postgres/postgres.go:378;internal/store/postgres/postgres.go:399;internal/store/postgres/postgres.go:402;internal/store/postgres/postgres.go:240;internal/store/postgres/postgres.go:452"
"S09-10","info","confirmed","info","correctness","OP token issued_at is written by the database's now(), not the store clock the rest of OIDCStore uses","internal/store/postgres/oidc.go:429;internal/store/postgres/oidc.go:573;internal/store/postgres/migrations/0009_oidc_token_issued_at.sql:5;internal/store/postgres/oidc.go:41"
"S09-2","medium","confirmed","medium","correctness","Tokens.RevokeTokens is not transactional although revokeMatching documents that it is, so a bulk Kill Switch/erasure can half-apply","internal/store/postgres/oauth.go:466;internal/store/postgres/oauth.go:471;internal/store/postgres/oauth.go:517;internal/store/postgres/oidc.go:1503"
"S09-3","low","confirmed","low","correctness","UnlinkIdentity masks any database error as ErrNotFound because ownership is checked before err","internal/store/postgres/account.go:199"
"S09-4","info","downgraded","low","correctness","ConsumeRefresh claims expired values (no expires_at predicate) although the Store contract says ""live"", unlike the OP store's rotation claim","internal/store/postgres/oauth.go:242;internal/store/postgres/oidc.go:514;oauth/as.go:289;oauth/tokens.go:168"
"S09-5","low","confirmed","low","security","Rolling back migrations 0024/0025 silently drops refresh-family tombstones and replay detection; the MigrateDown guard only covers 13/14","internal/store/postgres/postgres.go:469;internal/store/postgres/postgres.go:496;internal/store/postgres/migrations/0024_refresh_token_family.sql:50;internal/store/postgres/migrations/0025_oauth_refresh_family.sql:59"
"S09-6","low","confirmed","low","security","Verify reads audit_chain.head_hash as a witness but never compares it to the walked chain, so tail truncation is not detected even though the anchor is in hand","internal/store/postgres/auditchain.go:259;internal/store/postgres/auditchain.go:346"
"S09-7","low","confirmed","low","reliability","Database outages are collapsed into protocol 'not found' on the authorization-code and device-poll paths, unlike every refresh/revocation path","internal/store/postgres/oidc.go:327;internal/store/postgres/oidc.go:1210;internal/store/postgres/oidc.go:660"
"S09-8","low","confirmed","low","reliability","Several multi-statement deletes run without a transaction, leaving orphaned session index rows and post-revocation replay tombstones","internal/store/postgres/sessions.go:197;internal/store/postgres/sessions.go:211;internal/store/postgres/oauth.go:290;internal/store/postgres/oauth.go:495"
"S09-9","low","confirmed","low","performance","Audit pseudonym cache is dropped wholesale at 4096 entries, so bursts over distinct subjects put 1-3 extra queries on the vault fail-closed path","internal/store/postgres/auditpseudo.go:144;internal/store/postgres/auditpseudo.go:115;internal/store/postgres/auditpseudo.go:69"
"S10-1","high","confirmed","high","reliability","In-flight per-client cap is keyed per (plane, client), so one address can occupy the entire process-wide concurrency cap","internal/httpapi/middleware.go:434;internal/httpapi/middleware.go:459;internal/httpapi/middleware.go:466;internal/httpapi/middleware.go:491"
"S10-2","medium","confirmed","medium","reliability","A panic in the readiness probe wedges /readyz at ""checking"" (503) forever","internal/httpapi/health.go:183;internal/httpapi/health.go:194"
"S10-3","low","downgraded","low","reliability","Compression writer is never closed or pooled when a handler panics after compression starts","internal/compress/compress.go:160;internal/compress/compress.go:162"
"S10-4","informational","downgraded","low","security","Business-plane responses carrying the session CSRF token are compressed (BREACH-style compression oracle)","internal/httpapi/server.go:353;internal/compress/compress.go:336;internal/httpapi/session_routes.go:42;internal/httpapi/device_routes.go:75;internal/auth/auth.go:240"
"S10-5","none","rejected","low","performance","Limiter.Check heap-allocates a *rate.Reservation on every request","internal/ratelimit/ratelimit.go:289;internal/ratelimit/ratelimit.go:295"
"S11-1","low","downgraded","high","security","Admin audit detail stores the raw operator account id in Detail[""actor""], defeating pseudonym-key destruction","internal/admin/admin.go:485;internal/admin/admin.go:490;audit/audit.go:73;audit/audit.go:84"
"S11-2","low","downgraded","high","security","Kill Switch silently reports sessions_revoked=0 when the deployment has no session revoker, with no unavailability marker","internal/admin/admin.go:351;internal/admin/admin.go:167;internal/admin/admin.go:169;cmd/re0auth/main.go:618;cmd/re0auth/main.go:903"
"S11-3","low","downgraded","medium","security","Kill Switch `all` cannot purge in-flight bind flows and does not say so, allowing access to be re-created after the sweep","internal/admin/admin.go:399;internal/admin/admin.go:404;internal/federation/bind.go:47"
"S11-4","low","downgraded","medium","reliability","Kill Switch returns a bare 500 on a partial failure, discarding the counts of what was already revoked","internal/admin/admin.go:361;internal/admin/admin.go:388;internal/httpapi/admin_routes.go:281"
"S11-5","low","downgraded","medium","correctness","Kill Switch `client` target aborts before token revocation when the client row is gone, so its live tokens survive","internal/admin/admin.go:324;internal/admin/admin.go:326;internal/httpapi/admin_routes.go:277"
"S11-6","medium","confirmed","medium","performance","/v1/admin/audit/verify runs a full-table chain walk synchronously with no concurrency bound, holding a pooled DB connection up to 45s","internal/httpapi/audit_routes.go:171;internal/store/postgres/auditchain.go:220;internal/store/postgres/auditchain.go:264"
"S11-7","low","confirmed","low","security","Audit subject filter performs an uncached negative DB lookup per distinct subject and leaks 'has pseudonym key' timing","internal/store/postgres/auditpseudo.go:69;internal/store/postgres/auditread.go:67;internal/store/postgres/auditpseudo.go:144"
"S11-8","low","confirmed","low","correctness","Account export claims to be everything held about the account but omits sessions, issued tokens and audit history, while the notice only disclaims credentials","internal/httpapi/export_routes.go:10;internal/httpapi/export_routes.go:30;internal/httpapi/export_routes.go:39"
"S11-9","low","confirmed","low","performance","GET /v1/admin/clients returns every client with no pagination or cap","internal/httpapi/admin_routes.go:100;internal/store/postgres/oauth.go:732"
"S12-1","medium","confirmed","medium","reliability","Per-attempt request timeout is disarmed before the response body is read","web/src/lib/api.ts:334;web/src/lib/api.ts:354;web/src/lib/api.ts:369"
"S12-10","low","confirmed","low","correctness","Response shape validation is applied to only two endpoints; the rest throw inside render and expose the JS error via +error.svelte","web/src/lib/api.ts:468;web/src/lib/api.ts:480;web/src/routes/admin/+page.svelte:72;web/src/routes/+error.svelte:9"
"S12-11","info","confirmed","info","performance","Every asset request performs three embedded-FS stats","internal/webui/webui.go:106;internal/webui/webui.go:119;internal/webui/webui.go:133"
"S12-12","info","rejected","low","correctness","SignIn appends return_to after a URL fragment, unlike the equivalent link() path","web/src/lib/components/SignIn.svelte:50;web/src/lib/components/SignIn.svelte:52"
"S12-2","info","rejected","low","correctness","Dev root redirect does not match a request that carries a query string","web/vite.config.ts:27;web/vite.config.ts:28"
"S12-3","low","confirmed","low","correctness","Stale ?error= is carried through SignIn return_to, so a later successful sign-in still reports failure","web/src/routes/+page.svelte:40;web/src/routes/+page.svelte:241"
"S12-4","low","confirmed","low","security","Attacker-controlled ?error= is rendered verbatim inside the branded failure alert","web/src/routes/+page.svelte:41;web/src/routes/+page.svelte:82"
"S12-5","low","confirmed","low","reliability","Account export revokes the object URL synchronously and trusts an unvalidated profile field","web/src/routes/+page.svelte:162;web/src/routes/+page.svelte:164"
"S12-6","low","confirmed","low","correctness","Focus restoration builds a CSS selector by string interpolation from server/config ids","web/src/lib/a11y.ts:33;web/src/lib/a11y.ts:35;web/src/routes/sources/+page.svelte:186;web/src/routes/grants/+page.svelte:73"
"S12-7","info","downgraded","low","performance","Sources page re-runs O(available x bindings) scans on every reactive invalidation","web/src/routes/sources/+page.svelte:82;web/src/routes/sources/+page.svelte:89;web/src/routes/sources/+page.svelte:288"
"S12-8","low","confirmed","low","performance","SPA shell is sent with no cache validator, so Cache-Control: no-cache forces a full body transfer each load","internal/webui/webui.go:151;internal/webui/webui.go:152"
"S12-9","info","downgraded","low","reliability","Retried responses are discarded without draining or cancelling the body","web/src/lib/api.ts:358;web/src/lib/api.ts:361"
"S13-1","high","confirmed","high","security","Compression 406 refusal runs before the rate limiter and the in-flight cap, fully bypassing both","internal/httpapi/server.go:638;internal/httpapi/server.go:642;internal/httpapi/server.go:643;internal/compress/compress.go:147"
"S13-10","low","confirmed","low","performance","oauth.MemoryStore / MemoryDeviceStore / MemoryClientRegistry have no cap and no in-process janitor","oauth/tokens.go:263;oauth/tokens.go:285;oauth/device.go:139;oauth/client.go:334"
"S13-11","low","confirmed","low","correctness","perfreport divides by the baseline median without a zero check, producing NaN/Inf deltas and a NaN geomean","cmd/perfreport/main.go:355;cmd/perfreport/main.go:373"
"S13-2","medium","confirmed","medium","performance","StoreDeviceAuthorization is O(n) in the number of live device authorizations, under the store-wide mutex, on every public device-authorization request","internal/store/memory/oidc.go:1050;internal/store/memory/oidc.go:1053;internal/store/memory/oidc.go:1124"
"S13-3","medium","confirmed","medium","performance","DeleteAuthRequest scans every pending authorization code under the store mutex on each token exchange","internal/store/memory/oidc.go:508;internal/store/memory/oidc.go:516"
"S13-4","low","downgraded","medium","reliability","Device approve/deny call the synchronous audit sink while holding the OIDC store's global mutex","internal/store/memory/oidc.go:1308;internal/store/memory/oidc.go:1326;internal/store/memory/oidc.go:1334;internal/store/memory/oidc.go:1347;audit/audit.go:35;internal/store/postgres/audit.go:54"
"S13-5","high","confirmed","high","performance","OIDC memory store maps are uncapped; refresh tombstones grow one per rotation for the full 30-day refresh TTL and the 5-minute sweep scans them all under the global lock","internal/store/memory/oidc.go:34;internal/store/memory/oidc.go:44;internal/store/memory/oidc.go:52;internal/store/memory/oidc.go:639;internal/store/memory/oidc.go:1153;internal/store/memory/oidc.go:1174;internal/store/memory/oidc.go:1180;internal/store/memory/oidc.go:1488"
"S13-6","low","confirmed","low","correctness","compress responseWriter swallows the final status after a 1xx header","internal/compress/compress.go:318;internal/compress/compress.go:327"
"S13-7","low","confirmed","low","performance","HTTP status metric label is not normalized and can be set from an upstream-controlled status","internal/observability/observability.go:310;internal/observability/observability.go:629;internal/httpapi/federation_routes.go:320"
"S13-8","low","confirmed","low","security","pprof profile/trace endpoints accept unbounded seconds and have no concurrency or size cap","internal/observability/observability.go:611;internal/observability/observability.go:616;internal/observability/observability.go:618"
"S13-9","low","confirmed","low","correctness","Oversized chunked JSON bodies surface as 400 'malformed JSON body' instead of the middleware's plane-shaped 413","internal/httpapi/admin_routes.go:133;internal/httpapi/authorization_routes.go:144;internal/httpapi/device_routes.go:105;internal/httpapi/binding_routes.go:202;internal/httpapi/account_routes.go:44;internal/httpapi/middleware.go:113;oauth/bodylimit.go:33"
"S14-1","low","downgraded","medium","reliability","memory.OIDCStore device decision holds the store-wide mutex across a durable audit write","internal/store/memory/oidc.go:1308;internal/store/memory/oidc.go:1326;internal/store/memory/oidc.go:1334;internal/store/memory/oidc.go:1347"
"S14-10","low","confirmed","low","correctness","oauth.Registry.Register mutates a map that Resolve/Get/Descriptors read without any lock","oauth/scope.go:185;oauth/scope.go:195;oauth/scope.go:200;oauth/scope.go:208;oauth/scope.go:226"
"S14-11","info","confirmed","info","reliability","oidchttp.serveOAuth can leak a pooled bufferedWriter on panic because release is not deferred","internal/oidchttp/oidchttp.go:636;internal/oidchttp/oidchttp.go:637;internal/oidchttp/oidchttp.go:716;internal/oidchttp/oidchttp.go:717"
"S14-12","info","downgraded","low","correctness","federation.refreshBinding's row-then-secret write order is deliberately protected by the per-binding lock (suspicious but mitigated)","internal/federation/refresh.go:40;internal/federation/refresh.go:111;internal/federation/refresh.go:121"
"S14-2","high","confirmed","high","security","federation.CompleteBind writes the vault secret and the binding row without the per-binding keyed mutex, so an in-flight bind can resurrect a just-revoked binding","internal/federation/bind.go:192;internal/federation/bind.go:198;internal/federation/unbind.go:50;internal/federation/revocation.go:132;internal/federation/killswitch.go:201;internal/federation/refresh.go:40"
"S14-3","medium","confirmed","medium","performance","Memory store pagers re-sort the whole table on every page: vault Rotate and the federation Kill Switch are O(N^2 log N)","vault/repo.go:229;vault/repo.go:233;vault/rotate.go:45;internal/federation/binding.go:255;internal/federation/binding.go:262;internal/federation/killswitch.go:58"
"S14-4","low","downgraded","medium","performance","federation.MemoryBindingStore.List has no per-user index: every account page scans all bindings under the read lock","internal/federation/binding.go:215;internal/federation/binding.go:219;internal/federation/binding.go:220"
"S14-5","medium","confirmed","medium","security","oauth.Service.Refresh: refresh-family revocation is not atomic with rotation, so a concurrent replay can leave the new generation alive","oauth/as.go:264;oauth/as.go:276;oauth/as.go:308;oauth/as.go:418;oauth/as.go:421;oauth/tokens.go:434"
"S14-6","medium","confirmed","medium","performance","memory.OIDCStore replays and revocations scan every token and tombstone while holding the single global mutex","internal/store/memory/oidc.go:716;internal/store/memory/oidc.go:720;internal/store/memory/oidc.go:726;internal/store/memory/oidc.go:787;internal/store/memory/oidc.go:806"
"S14-7","low","confirmed","low","performance","memory.OIDCStore.StoreDeviceAuthorization purges expired devices with a full scan under the lock on every call","internal/store/memory/oidc.go:1051;internal/store/memory/oidc.go:1053;internal/store/memory/oidc.go:1124"
"S14-8","low","confirmed","low","reliability","oauth.MemoryDeviceStore has no deletion path and no sweep, so device records grow without bound","oauth/device.go:140;oauth/device.go:206;oauth/as.go:57;oauth/as.go:58"
"S14-9","low","confirmed","low","reliability","readinessCache is not panic-safe: a panicking readiness probe latches /readyz to 503 'checking' forever","internal/httpapi/health.go:183;internal/httpapi/health.go:190;internal/httpapi/health.go:192;internal/httpapi/health.go:195"
"S15-1","medium","confirmed","medium","security","scripts/backup.sh leaves the plaintext database dump behind when age encryption fails","scripts/backup.sh:44-48;scripts/backup.sh:10"
"S15-10","low","confirmed","low","correctness","scripts/backup-keys.sh is committed mode 100644 while the documented invocation runs it directly","scripts/backup-keys.sh:1;docs/operations.md:90-92"
"S15-11","low","confirmed","low","correctness","Release archives embed the built SPA but do not carry the npm attribution the image deliberately includes","Makefile:160-182;Makefile:215-221;Dockerfile:86-90"
"S15-12","info","confirmed","info","security","Backup CronJob writes plaintext database dumps; no age encryption path is wired, unlike scripts/backup.sh","deploy/k8s/backup/cronjob.yaml:59-70;docs/operations.md:125-126"
"S15-13","info","confirmed","info","security",".gitleaks path allowlist exempts any file matching docs/security-audit-<n>.md from every rule",".gitleaks.toml:17-20;.gitleaks.toml:1-6"
"S15-2","low","downgraded","medium","security","CI/release-gate Postgres service image is a floating tag while every other image in the project is digest-pinned",".github/workflows/ci.yml:34;.github/workflows/ci.yml:278;.github/workflows/perf.yml:45;.github/workflows/release.yml:20"
"S15-3","medium","confirmed","medium","reliability","Backup CronJob has no activeDeadlineSeconds: a hung pg_dump stops all future backups, silently","deploy/k8s/backup/cronjob.yaml:11-22;deploy/k8s/backup/cronjob.yaml:59-70"
"S15-4","low","confirmed","low","security",".dockerignore excludes scratchpad but not the live audit workspace or generic key shapes, so they enter the `COPY . .` build layer",".dockerignore:42-43;.gitignore:62;Dockerfile:53;.gitleaks.toml:13-20"
"S15-5","low","confirmed","low","reliability","Base ConfigMap hardcodes trusted_proxies to 10.0.0.0/8; on a non-10/8 pod CIDR every client silently shares one rate-limit bucket","deploy/k8s/base/configmap.yaml:43-44;internal/httpapi/clientaddr.go:104-110;internal/httpapi/clientaddr.go:78-81"
"S15-6","low","confirmed","low","security","Release image is pushed under its release tag before the Trivy gate runs; only `latest` is withheld",".github/workflows/release.yml:64-80;.github/workflows/release.yml:100-107;.github/workflows/release.yml:109-119;deploy/k8s/base/deployment.yaml:46"
"S15-7","low","confirmed","low","security","Trivy scan runs with the host Docker socket mounted inside a job holding packages:write and id-token:write",".github/workflows/release.yml:100-107;.github/workflows/release.yml:36-39"
"S15-8","low","confirmed","low","reliability","Three alert rules keyed on generic go_*/process_* metrics carry no job selector and can fire on unrelated targets","deploy/prometheus/re0auth.rules.yml:304-348;deploy/prometheus/re0auth.rules.yml:4-7"
"S15-9","low","confirmed","low","security","Namespace has no Pod Security Admission labels, so the hardened pod spec is not enforced as a precondition","deploy/k8s/base/namespace.yaml:1-4;deploy/k8s/base/deployment.yaml:29-33;deploy/k8s/base/deployment.yaml:108-111"
