.gitignore	245498699E2AC2868024DD4309D0C3452F6F2320C77E7E17E21F3B45644727EB	24
.gitkeep	BE61ABF9E16FE312CCE13D290E50A6D5D4D2AD4DF94E4B4DDDCE2AFC08B2D790	368
_app\immutable\assets\0.GGQYCh1V.css	CCCF4AF1C3E42879E16DE52AEDF6EDAB45DF22BB74B4A3145043564A21BD97FF	20045
_app\immutable\chunks\B019G4f9.js	A99E57B2885469A3028780D3001C46C86A3842A91171668B82AF352B282274BE	294
_app\immutable\chunks\BGyvQZmW.js	A33A39002BF7CC1A837747AF0006EFDAA194C0194872C55F969A9FC971DCD877	26653
_app\immutable\chunks\Bjy-W4x2.js	F07424758318DD6B5F32B0FE8DE9D2FFB8D97A17C841758626D18BA0FAA0456A	1365
_app\immutable\chunks\BL9iZmFo.js	46D85AC833CDA082A128CD8E5769CBF1259AB3A7017F4F75020F4CA502FC8E98	7961
_app\immutable\chunks\B-QHV2o-.js	14E25B12363E460E68604BAA59C76C71BE605A3188BF72838BD32782095EECD5	56774
_app\immutable\chunks\C4-MImpy.js	89C06535E11C83EA41EE1DE729F0361EB4CBE7349A2EF9C65A739651C5E1035B	1332
_app\immutable\chunks\CMjOogQM.js	88CF76AA2D0C958BD39143DEC812DC52EE9419C44039C36684CCCFBADD5C09D9	1217
_app\immutable\chunks\De2DKpGU.js	43CEB79BDA3BB9C9D3CFE965D3E0B436B1AEF0F0F04A0168D83568BF36652A69	899
_app\immutable\chunks\DRAqnp8I.js	303145831C52BD9754CBA3960AC4AC20F43E726194DCB53661E4823089AD2390	2681
_app\immutable\chunks\xihTtKlq.js	0214EDCFF77242079F540507A53803AA22D857B6AD673E60E39748B6C7AA08C1	65
_app\immutable\entry\app.fzCfP_LJ.js	7D7C31243C55838422F814F8D7FDED5D92478ECC886A85E243C00EFA150439F8	4840
_app\immutable\entry\start.CKNzYS7A.js	653E791B0F64EA6DC6ED11DD723090CA4D6E30E5769A7372A0E80945DAE2D148	77
_app\immutable\nodes\0.BIFLhlcw.js	278EB81B0EA036E31C1845F2EA523F7CFE047A6DAF4FCE2D17E0C28DE3A81F2E	1865
_app\immutable\nodes\1.AWEo2uog.js	38BD004E89FC093AF720FD947209793236C7CABEB0018E2D9DFBDA8BC9EE304F	1093
_app\immutable\nodes\2.DO48egGB.js	3F8751978D6AF6ED806A6EECB4BEF41233DFB2A0CDD7CDDFF55C1F19F8200A52	9466
_app\immutable\nodes\3.CAsMB0YL.js	96992A466FD18ED3574CED7401BA60B9B36F3C52D9ADE6C6AD8BDE5AF66879F3	12092
_app\immutable\nodes\4.C0-uUzz2.js	98D64C83B8DD283495219F4491AE132CB1400228A39B49EB34E79CD246A99520	7522
_app\immutable\nodes\5.BXKkbFAN.js	56EA088C2171AE6A26C435F8CE4BC976EC61E7E080A3C7ADF777DB349314F45C	7385
_app\immutable\nodes\6.BjOfh7Cw.js	1010AFE8DE774F95649620CEEAF408865EA63A96ACFBE86DEF2DC526A53AA8F4	5475
_app\immutable\nodes\7.BbzFHjxS.js	C946F36C1F4E6BEB3A11A64709442CFD356BAC108CD8948E66B1C0E63F3DBA74	11484
_app\version.json	84095A747343CB2C2BBDF80D21278D1FA8D157A753615B9A06F597D71789F624	27
favicon.svg	9C87AEE2D0A7DC3BE91ADC97043E0365080B394321E2874161FCDCD9914952D4	943
index.html	761E5908F4D65809AB6EAE7BC302F62E5E6A2B089CD520D0978C7E9E1840D3AA	3304
robots.txt	4C3BA3D5A2392A7FEF5B708CE45312D1F09F905515A8B1D3346C689F2E60BF46	434
